// Ícone WYD Arm64 (logo metálico recortado). Do not edit.
static constexpr int kWydExeIconW = 64;
static constexpr int kWydExeIconH = 64;
static constexpr unsigned char kWydExeIconRGBA[] = {
  0x00, 0x00, 0x00, 0x00, 0x00, 0x00, 0x00, 0x00, 0x00, 0x00, 0x00, 0x00, 0x00, 0x00, 0x00, 0x01,
  0x00, 0x00, 0x00, 0x03, 0x00, 0x00, 0x00, 0x00, 0x00, 0x00, 0x00, 0x02, 0x10, 0x0D, 0x10, 0x4D,
  0x11, 0x0C, 0x0F, 0xA0, 0x11, 0x0C, 0x0F, 0xD8, 0x11, 0x0D, 0x0F, 0xF6, 0x11, 0x0D, 0x0F, 0xFF,
  0x11, 0x0D, 0x0F, 0xFF, 0x11, 0x0D, 0x0F, 0xFF, 0x11, 0x0D, 0x0F, 0xFF, 0x11, 0x0D, 0x0F, 0xFF,
  0x11, 0x0D, 0x0F, 0xFF, 0x11, 0x0D, 0x0F, 0xFF, 0x11, 0x0D, 0x0F, 0xFF, 0x11, 0x0D, 0x0F, 0xFF,
  0x11, 0x0D, 0x0F, 0xFF, 0x11, 0x0D, 0x0F, 0xFF, 0x11, 0x0D, 0x0F, 0xFF, 0x11, 0x0D, 0x0F, 0xFF,
  0x11, 0x0D, 0x0F, 0xFF, 0x11, 0x0D, 0x0F, 0xFF, 0x11, 0x0D, 0x0F, 0xFF, 0x11, 0x0D, 0x0F, 0xFF,
  0x11, 0x0D, 0x0F, 0xFF, 0x11, 0x0D, 0x0F, 0xFF, 0x11, 0x0D, 0x0F, 0xFF, 0x11, 0x0D, 0x0F, 0xFF,
  0x11, 0x0D, 0x0F, 0xFF, 0x11, 0x0D, 0x0F, 0xFF, 0x11, 0x0D, 0x0F, 0xFF, 0x11, 0x0D, 0x0F, 0xFF,
  0x11, 0x0D, 0x0F, 0xFF, 0x11, 0x0D, 0x0F, 0xFF, 0x11, 0x0D, 0x0F, 0xFF, 0x11, 0x0D, 0x0F, 0xFF,
  0x11, 0x0D, 0x0F, 0xFF, 0x11, 0x0D, 0x0F, 0xFF, 0x11, 0x0D, 0x0F, 0xFF, 0x11, 0x0D, 0x0F, 0xFF,
  0x11, 0x0D, 0x0F, 0xFF, 0x11, 0x0D, 0x0F, 0xFF, 0x11, 0x0D, 0x0F, 0xFF, 0x11, 0x0D, 0x0F, 0xFF,
  0x11, 0x0D, 0x0F, 0xFF, 0x11, 0x0D, 0x0F, 0xFF, 0x11, 0x0D, 0x0F, 0xFF, 0x11, 0x0D, 0x0F, 0xFF,
  0x11, 0x0D, 0x0F, 0xFF, 0x11, 0x0D, 0x0F, 0xF6, 0x11, 0x0C, 0x0F, 0xD8, 0x11, 0x0C, 0x0F, 0xA0,
  0x10, 0x0D, 0x10, 0x4D, 0x00, 0x00, 0x00, 0x02, 0x00, 0x00, 0x00, 0x00, 0x00, 0x00, 0x00, 0x03,
  0x00, 0x00, 0x00, 0x01, 0x00, 0x00, 0x00, 0x00, 0x00, 0x00, 0x00, 0x00, 0x00, 0x00, 0x00, 0x00,
  0x00, 0x00, 0x00, 0x00, 0x00, 0x00, 0x00, 0x00, 0x00, 0x00, 0x00, 0x01, 0x00, 0x00, 0x00, 0x01,
  0x00, 0x00, 0x00, 0x00, 0x10, 0x0D, 0x10, 0x4C, 0x11, 0x0D, 0x0F, 0xC9, 0x12, 0x0D, 0x10, 0xFF,
  0x12, 0x0E, 0x10, 0xFF, 0x11, 0x0D, 0x0F, 0xFF, 0x11, 0x0D, 0x0F, 0xFF, 0x11, 0x0D, 0x0F, 0xFF,
  0x11, 0x0D, 0x0F, 0xFF, 0x11, 0x0D, 0x0F, 0xFF, 0x11, 0x0D, 0x0F, 0xFF, 0x11, 0x0D, 0x0F, 0xFF,
  0x11, 0x0D, 0x0F, 0xFF, 0x11, 0x0D, 0x0F, 0xFF, 0x11, 0x0D, 0x0F, 0xFF, 0x11, 0x0D, 0x0F, 0xFF,
  0x11, 0x0D, 0x0F, 0xFF, 0x11, 0x0D, 0x0F, 0xFF, 0x11, 0x0D, 0x0F, 0xFF, 0x11, 0x0D, 0x0F, 0xFF,
  0x11, 0x0D, 0x0F, 0xFF, 0x11, 0x0D, 0x0F, 0xFF, 0x11, 0x0D, 0x0F, 0xFF, 0x11, 0x0D, 0x0F, 0xFF,
  0x11, 0x0D, 0x0F, 0xFF, 0x11, 0x0D, 0x0F, 0xFF, 0x11, 0x0D, 0x0F, 0xFF, 0x11, 0x0D, 0x0F, 0xFF,
  0x11, 0x0D, 0x0F, 0xFF, 0x11, 0x0D, 0x0F, 0xFF, 0x11, 0x0D, 0x0F, 0xFF, 0x11, 0x0D, 0x0F, 0xFF,
  0x11, 0x0D, 0x0F, 0xFF, 0x11, 0x0D, 0x0F, 0xFF, 0x11, 0x0D, 0x0F, 0xFF, 0x11, 0x0D, 0x0F, 0xFF,
  0x11, 0x0D, 0x0F, 0xFF, 0x11, 0x0D, 0x0F, 0xFF, 0x11, 0x0D, 0x0F, 0xFF, 0x11, 0x0D, 0x0F, 0xFF,
  0x11, 0x0D, 0x0F, 0xFF, 0x11, 0x0D, 0x0F, 0xFF, 0x11, 0x0D, 0x0F, 0xFF, 0x11, 0x0D, 0x0F, 0xFF,
  0x11, 0x0D, 0x0F, 0xFF, 0x11, 0x0D, 0x0F, 0xFF, 0x11, 0x0D, 0x0F, 0xFF, 0x11, 0x0D, 0x0F, 0xFF,
  0x11, 0x0D, 0x0F, 0xFF, 0x11, 0x0D, 0x0F, 0xFF, 0x11, 0x0D, 0x0F, 0xFF, 0x12, 0x0E, 0x10, 0xFF,
  0x12, 0x0D, 0x10, 0xFF, 0x11, 0x0D, 0x0F, 0xC9, 0x10, 0x0D, 0x10, 0x4C, 0x00, 0x00, 0x00, 0x00,
  0x00, 0x00, 0x00, 0x01, 0x00, 0x00, 0x00, 0x01, 0x00, 0x00, 0x00, 0x00, 0x00, 0x00, 0x00, 0x00,
  0x00, 0x00, 0x00, 0x00, 0x00, 0x00, 0x00, 0x01, 0x00, 0x00, 0x00, 0x01, 0x00, 0x00, 0x00, 0x02,
  0x11, 0x0D, 0x0F, 0x94, 0x12, 0x0E, 0x10, 0xFF, 0x12, 0x0E, 0x10, 0xFF, 0x11, 0x0D, 0x0F, 0xFE,
  0x11, 0x0D, 0x0F, 0xFC, 0x11, 0x0D, 0x0F, 0xFE, 0x11, 0x0D, 0x0F, 0xFF, 0x11, 0x0D, 0x0F, 0xFF,
  0x11, 0x0D, 0x0F, 0xFF, 0x11, 0x0D, 0x0F, 0xFF, 0x11, 0x0D, 0x0F, 0xFF, 0x11, 0x0D, 0x0F, 0xFF,
  0x11, 0x0D, 0x0F, 0xFF, 0x11, 0x0D, 0x0F, 0xFF, 0x11, 0x0D, 0x0F, 0xFF, 0x11, 0x0D, 0x0F, 0xFF,
  0x11, 0x0D, 0x0F, 0xFF, 0x11, 0x0D, 0x0F, 0xFF, 0x11, 0x0D, 0x0F, 0xFF, 0x11, 0x0D, 0x0F, 0xFF,
  0x11, 0x0D, 0x0F, 0xFF, 0x11, 0x0D, 0x0F, 0xFF, 0x11, 0x0D, 0x0F, 0xFF, 0x11, 0x0D, 0x0F, 0xFF,
  0x11, 0x0D, 0x0F, 0xFF, 0x11, 0x0D, 0x0F, 0xFF, 0x11, 0x0D, 0x0F, 0xFF, 0x11, 0x0D, 0x0F, 0xFF,
  0x11, 0x0D, 0x0F, 0xFF, 0x11, 0x0D, 0x0F, 0xFF, 0x11, 0x0D, 0x0F, 0xFF, 0x11, 0x0D, 0x0F, 0xFF,
  0x11, 0x0D, 0x0F, 0xFF, 0x11, 0x0D, 0x0F, 0xFF, 0x11, 0x0D, 0x0F, 0xFF, 0x11, 0x0D, 0x0F, 0xFF,
  0x11, 0x0D, 0x0F, 0xFF, 0x11, 0x0D, 0x0F, 0xFF, 0x11, 0x0D, 0x0F, 0xFF, 0x11, 0x0D, 0x0F, 0xFF,
  0x11, 0x0D, 0x0F, 0xFF, 0x11, 0x0D, 0x0F, 0xFF, 0x11, 0x0D, 0x0F, 0xFF, 0x11, 0x0D, 0x0F, 0xFF,
  0x11, 0x0D, 0x0F, 0xFF, 0x11, 0x0D, 0x0F, 0xFF, 0x11, 0x0D, 0x0F, 0xFF, 0x11, 0x0D, 0x0F, 0xFF,
  0x11, 0x0D, 0x0F, 0xFF, 0x11, 0x0D, 0x0F, 0xFF, 0x11, 0x0D, 0x0F, 0xFE, 0x11, 0x0D, 0x0F, 0xFC,
  0x11, 0x0D, 0x0F, 0xFE, 0x12, 0x0E, 0x10, 0xFF, 0x12, 0x0E, 0x10, 0xFF, 0x11, 0x0D, 0x0F, 0x94,
  0x00, 0x00, 0x00, 0x02, 0x00, 0x00, 0x00, 0x01, 0x00, 0x00, 0x00, 0x01, 0x00, 0x00, 0x00, 0x00,
  0x00, 0x00, 0x00, 0x01, 0x00, 0x00, 0x00, 0x03, 0x00, 0x00, 0x00, 0x03, 0x11, 0x0D, 0x0E, 0xAC,
  0x12, 0x0E, 0x10, 0xFF, 0x11, 0x0D, 0x0F, 0xFC, 0x11, 0x0D, 0x0F, 0xFD, 0x11, 0x0D, 0x0F, 0xFF,
  0x11, 0x0D, 0x0F, 0xFF, 0x11, 0x0D, 0x0F, 0xFF, 0x11, 0x0D, 0x0F, 0xFF, 0x11, 0x0D, 0x0F, 0xFF,
  0x11, 0x0D, 0x0F, 0xFF, 0x11, 0x0D, 0x0F, 0xFF, 0x11, 0x0D, 0x0F, 0xFF, 0x11, 0x0D, 0x0F, 0xFF,
  0x11, 0x0D, 0x0F, 0xFF, 0x11, 0x0D, 0x0F, 0xFF, 0x11, 0x0D, 0x0F, 0xFF, 0x11, 0x0D, 0x0F, 0xFF,
  0x11, 0x0D, 0x0F, 0xFF, 0x11, 0x0D, 0x0F, 0xFF, 0x11, 0x0D, 0x0F, 0xFF, 0x11, 0x0D, 0x0F, 0xFF,
  0x11, 0x0D, 0x0F, 0xFF, 0x11, 0x0D, 0x0F, 0xFF, 0x11, 0x0D, 0x0F, 0xFF, 0x11, 0x0D, 0x0F, 0xFF,
  0x11, 0x0D, 0x0F, 0xFF, 0x11, 0x0D, 0x0F, 0xFF, 0x11, 0x0D, 0x0F, 0xFF, 0x11, 0x0D, 0x0F, 0xFF,
  0x11, 0x0D, 0x0F, 0xFF, 0x11, 0x0D, 0x0F, 0xFF, 0x11, 0x0D, 0x0F, 0xFF, 0x11, 0x0D, 0x0F, 0xFF,
  0x11, 0x0D, 0x0F, 0xFF, 0x11, 0x0D, 0x0F, 0xFF, 0x11, 0x0D, 0x0F, 0xFF, 0x11, 0x0D, 0x0F, 0xFF,
  0x11, 0x0D, 0x0F, 0xFF, 0x11, 0x0D, 0x0F, 0xFF, 0x11, 0x0D, 0x0F, 0xFF, 0x11, 0x0D, 0x0F, 0xFF,
  0x11, 0x0D, 0x0F, 0xFF, 0x11, 0x0D, 0x0F, 0xFF, 0x11, 0x0D, 0x0F, 0xFF, 0x11, 0x0D, 0x0F, 0xFF,
  0x11, 0x0D, 0x0F, 0xFF, 0x11, 0x0D, 0x0F, 0xFF, 0x11, 0x0D, 0x0F, 0xFF, 0x11, 0x0D, 0x0F, 0xFF,
  0x11, 0x0D, 0x0F, 0xFF, 0x11, 0x0D, 0x0F, 0xFF, 0x11, 0x0D, 0x0F, 0xFF, 0x11, 0x0D, 0x0F, 0xFF,
  0x11, 0x0D, 0x0F, 0xFF, 0x11, 0x0D, 0x0F, 0xFD, 0x11, 0x0D, 0x0F, 0xFC, 0x12, 0x0E, 0x10, 0xFF,
  0x11, 0x0D, 0x0E, 0xAC, 0x00, 0x00, 0x00, 0x03, 0x00, 0x00, 0x00, 0x03, 0x00, 0x00, 0x00, 0x01,
  0x00, 0x00, 0x00, 0x03, 0x00, 0x00, 0x00, 0x00, 0x11, 0x0D, 0x0F, 0x95, 0x12, 0x0E, 0x10, 0xFF,
  0x11, 0x0D, 0x0F, 0xF9, 0x11, 0x0D, 0x0F, 0xFF, 0x11, 0x0D, 0x0F, 0xFF, 0x11, 0x0D, 0x0F, 0xFF,
  0x11, 0x0D, 0x0F, 0xFF, 0x11, 0x0D, 0x0F, 0xFF, 0x11, 0x0D, 0x0F, 0xFF, 0x11, 0x0D, 0x0F, 0xFF,
  0x11, 0x0D, 0x0F, 0xFF, 0x11, 0x0D, 0x0F, 0xFF, 0x11, 0x0D, 0x0F, 0xFF, 0x11, 0x0D, 0x0F, 0xFF,
  0x11, 0x0D, 0x0F, 0xFF, 0x11, 0x0D, 0x0F, 0xFF, 0x11, 0x0D, 0x0F, 0xFF, 0x11, 0x0D, 0x0F, 0xFF,
  0x11, 0x0D, 0x0F, 0xFF, 0x11, 0x0D, 0x0F, 0xFF, 0x11, 0x0D, 0x0F, 0xFF, 0x11, 0x0D, 0x0F, 0xFF,
  0x11, 0x0D, 0x0F, 0xFF, 0x11, 0x0D, 0x0F, 0xFF, 0x11, 0x0D, 0x0F, 0xFF, 0x11, 0x0D, 0x0F, 0xFF,
  0x11, 0x0D, 0x0F, 0xFF, 0x11, 0x0D, 0x0F, 0xFF, 0x11, 0x0D, 0x0F, 0xFF, 0x11, 0x0D, 0x0F, 0xFF,
  0x11, 0x0D, 0x0F, 0xFF, 0x11, 0x0D, 0x0F, 0xFF, 0x11, 0x0D, 0x0F, 0xFF, 0x11, 0x0D, 0x0F, 0xFF,
  0x11, 0x0D, 0x0F, 0xFF, 0x11, 0x0D, 0x0F, 0xFF, 0x11, 0x0D, 0x0F, 0xFF, 0x11, 0x0D, 0x0F, 0xFF,
  0x11, 0x0D, 0x0F, 0xFF, 0x11, 0x0D, 0x0F, 0xFF, 0x11, 0x0D, 0x0F, 0xFF, 0x11, 0x0D, 0x0F, 0xFF,
  0x11, 0x0D, 0x0F, 0xFF, 0x11, 0x0D, 0x0F, 0xFF, 0x11, 0x0D, 0x0F, 0xFF, 0x11, 0x0D, 0x0F, 0xFF,
  0x11, 0x0D, 0x0F, 0xFF, 0x11, 0x0D, 0x0F, 0xFF, 0x11, 0x0D, 0x0F, 0xFF, 0x11, 0x0D, 0x0F, 0xFF,
  0x11, 0x0D, 0x0F, 0xFF, 0x11, 0x0D, 0x0F, 0xFF, 0x11, 0x0D, 0x0F, 0xFF, 0x11, 0x0D, 0x0F, 0xFF,
  0x11, 0x0D, 0x0F, 0xFF, 0x11, 0x0D, 0x0F, 0xFF, 0x11, 0x0D, 0x0F, 0xFF, 0x11, 0x0D, 0x0F, 0xF9,
  0x12, 0x0E, 0x10, 0xFF, 0x11, 0x0D, 0x0F, 0x95, 0x00, 0x00, 0x00, 0x00, 0x00, 0x00, 0x00, 0x03,
  0x00, 0x00, 0x00, 0x00, 0x11, 0x0E, 0x0E, 0x48, 0x12, 0x0E, 0x10, 0xFF, 0x11, 0x0D, 0x0F, 0xFA,
  0x11, 0x0D, 0x0F, 0xFF, 0x11, 0x0D, 0x0F, 0xFF, 0x11, 0x0D, 0x0F, 0xFF, 0x11, 0x0D, 0x0F, 0xFF,
  0x11, 0x0D, 0x0F, 0xFF, 0x11, 0x0D, 0x0F, 0xFF, 0x11, 0x0D, 0x0F, 0xFF, 0x11, 0x0D, 0x0F, 0xFF,
  0x11, 0x0D, 0x0F, 0xFF, 0x11, 0x0D, 0x0F, 0xFF, 0x11, 0x0D, 0x0F, 0xFF, 0x11, 0x0D, 0x0F, 0xFF,
  0x11, 0x0D, 0x0F, 0xFF, 0x11, 0x0D, 0x0F, 0xFF, 0x11, 0x0D, 0x0F, 0xFF, 0x11, 0x0D, 0x0F, 0xFF,
  0x11, 0x0D, 0x0F, 0xFF, 0x11, 0x0D, 0x0F, 0xFF, 0x11, 0x0D, 0x0F, 0xFF, 0x11, 0x0D, 0x0F, 0xFF,
  0x11, 0x0D, 0x0F, 0xFF, 0x11, 0x0D, 0x0F, 0xFF, 0x11, 0x0D, 0x0F, 0xFF, 0x11, 0x0D, 0x0F, 0xFF,
  0x11, 0x0D, 0x0F, 0xFF, 0x11, 0x0D, 0x0F, 0xFF, 0x11, 0x0D, 0x0F, 0xFF, 0x11, 0x0D, 0x0F, 0xFF,
  0x11, 0x0D, 0x0F, 0xFF, 0x11, 0x0D, 0x0F, 0xFF, 0x11, 0x0D, 0x0F, 0xFF, 0x11, 0x0D, 0x0F, 0xFF,
  0x11, 0x0D, 0x0F, 0xFF, 0x11, 0x0D, 0x0F, 0xFF, 0x11, 0x0D, 0x0F, 0xFF, 0x11, 0x0D, 0x0F, 0xFF,
  0x11, 0x0D, 0x0F, 0xFF, 0x11, 0x0D, 0x0F, 0xFF, 0x11, 0x0D, 0x0F, 0xFF, 0x11, 0x0D, 0x0F, 0xFF,
  0x11, 0x0D, 0x0F, 0xFF, 0x11, 0x0D, 0x0F, 0xFF, 0x11, 0x0D, 0x0F, 0xFF, 0x11, 0x0D, 0x0F, 0xFF,
  0x11, 0x0D, 0x0F, 0xFF, 0x11, 0x0D, 0x0F, 0xFF, 0x11, 0x0D, 0x0F, 0xFF, 0x11, 0x0D, 0x0F, 0xFF,
  0x11, 0x0D, 0x0F, 0xFF, 0x11, 0x0D, 0x0F, 0xFF, 0x11, 0x0D, 0x0F, 0xFF, 0x11, 0x0D, 0x0F, 0xFF,
  0x11, 0x0D, 0x0F, 0xFF, 0x11, 0x0D, 0x0F, 0xFF, 0x11, 0x0D, 0x0F, 0xFF, 0x11, 0x0D, 0x0F, 0xFF,
  0x11, 0x0D, 0x0F, 0xFA, 0x12, 0x0E, 0x10, 0xFF, 0x11, 0x0E, 0x0E, 0x48, 0x00, 0x00, 0x00, 0x00,
  0x00, 0x00, 0x00, 0x04, 0x11, 0x0C, 0x0E, 0xCF, 0x12, 0x0E, 0x10, 0xFE, 0x11, 0x0D, 0x0F, 0xFC,
  0x11, 0x0D, 0x0F, 0xFF, 0x11, 0x0D, 0x0F, 0xFF, 0x11, 0x0D, 0x0F, 0xFF, 0x11, 0x0D, 0x0F, 0xFF,
  0x11, 0x0D, 0x0F, 0xFF, 0x11, 0x0D, 0x0F, 0xFF, 0x11, 0x0D, 0x0F, 0xFF, 0x11, 0x0D, 0x0F, 0xFF,
  0x11, 0x0D, 0x0F, 0xFF, 0x11, 0x0D, 0x0F, 0xFF, 0x11, 0x0D, 0x0F, 0xFF, 0x11, 0x0D, 0x0F, 0xFF,
  0x11, 0x0D, 0x0F, 0xFF, 0x11, 0x0D, 0x0F, 0xFF, 0x11, 0x0D, 0x0F, 0xFF, 0x11, 0x0D, 0x0F, 0xFF,
  0x11, 0x0D, 0x0F, 0xFF, 0x11, 0x0D, 0x0F, 0xFF, 0x11, 0x0D, 0x0F, 0xFF, 0x11, 0x0D, 0x0F, 0xFF,
  0x11, 0x0D, 0x0F, 0xFF, 0x11, 0x0D, 0x0F, 0xFF, 0x11, 0x0D, 0x0F, 0xFF, 0x11, 0x0D, 0x0F, 0xFF,
  0x11, 0x0D, 0x0F, 0xFF, 0x11, 0x0D, 0x0F, 0xFF, 0x11, 0x0D, 0x0F, 0xFF, 0x11, 0x0D, 0x0F, 0xFF,
  0x11, 0x0D, 0x0F, 0xFF, 0x11, 0x0D, 0x0F, 0xFF, 0x11, 0x0D, 0x0F, 0xFF, 0x11, 0x0D, 0x0F, 0xFF,
  0x11, 0x0D, 0x0F, 0xFF, 0x11, 0x0D, 0x0F, 0xFF, 0x11, 0x0D, 0x0F, 0xFF, 0x11, 0x0D, 0x0F, 0xFF,
  0x11, 0x0D, 0x0F, 0xFF, 0x11, 0x0D, 0x0F, 0xFF, 0x11, 0x0D, 0x0F, 0xFF, 0x11, 0x0D, 0x0F, 0xFF,
  0x11, 0x0D, 0x0F, 0xFF, 0x11, 0x0D, 0x0F, 0xFF, 0x11, 0x0D, 0x0F, 0xFF, 0x11, 0x0D, 0x0F, 0xFF,
  0x11, 0x0D, 0x0F, 0xFF, 0x11, 0x0D, 0x0F, 0xFF, 0x11, 0x0D, 0x0F, 0xFF, 0x11, 0x0D, 0x0F, 0xFF,
  0x11, 0x0D, 0x0F, 0xFF, 0x11, 0x0D, 0x0F, 0xFF, 0x11, 0x0D, 0x0F, 0xFF, 0x11, 0x0D, 0x0F, 0xFF,
  0x11, 0x0D, 0x0F, 0xFF, 0x11, 0x0D, 0x0F, 0xFF, 0x11, 0x0D, 0x0F, 0xFF, 0x11, 0x0D, 0x0F, 0xFF,
  0x11, 0x0D, 0x0F, 0xFC, 0x12, 0x0E, 0x10, 0xFE, 0x11, 0x0C, 0x0E, 0xCF, 0x00, 0x00, 0x00, 0x04,
  0x11, 0x0D, 0x0D, 0x4B, 0x12, 0x0D, 0x10, 0xFF, 0x11, 0x0D, 0x0F, 0xFD, 0x11, 0x0D, 0x0F, 0xFF,
  0x11, 0x0D, 0x0F, 0xFF, 0x11, 0x0D, 0x0F, 0xFF, 0x11, 0x0D, 0x0F, 0xFF, 0x11, 0x0D, 0x0F, 0xFF,
  0x11, 0x0D, 0x0F, 0xFF, 0x11, 0x0D, 0x0F, 0xFF, 0x11, 0x0D, 0x0F, 0xFF, 0x11, 0x0D, 0x0F, 0xFF,
  0x11, 0x0D, 0x0F, 0xFF, 0x11, 0x0D, 0x0F, 0xFF, 0x11, 0x0D, 0x0F, 0xFF, 0x11, 0x0D, 0x0F, 0xFF,
  0x11, 0x0D, 0x0F, 0xFF, 0x11, 0x0D, 0x0F, 0xFF, 0x11, 0x0D, 0x0F, 0xFF, 0x11, 0x0D, 0x0F, 0xFF,
  0x11, 0x0D, 0x0F, 0xFF, 0x11, 0x0D, 0x0F, 0xFF, 0x11, 0x0D, 0x0F, 0xFF, 0x11, 0x0D, 0x0F, 0xFF,
  0x11, 0x0D, 0x0F, 0xFF, 0x11, 0x0D, 0x0F, 0xFF, 0x11, 0x0D, 0x0F, 0xFF, 0x11, 0x0D, 0x0F, 0xFF,
  0x11, 0x0D, 0x0F, 0xFF, 0x11, 0x0D, 0x0F, 0xFF, 0x11, 0x0D, 0x0F, 0xFF, 0x11, 0x0D, 0x0F, 0xFF,
  0x11, 0x0D, 0x0F, 0xFF, 0x11, 0x0D, 0x0F, 0xFF, 0x11, 0x0D, 0x0F, 0xFF, 0x11, 0x0D, 0x0F, 0xFF,
  0x11, 0x0D, 0x0F, 0xFF, 0x11, 0x0D, 0x0F, 0xFF, 0x11, 0x0D, 0x0F, 0xFF, 0x11, 0x0D, 0x0F, 0xFF,
  0x11, 0x0D, 0x0F, 0xFF, 0x11, 0x0D, 0x0F, 0xFF, 0x11, 0x0D, 0x0F, 0xFF, 0x11, 0x0D, 0x0F, 0xFF,
  0x11, 0x0D, 0x0F, 0xFF, 0x11, 0x0D, 0x0F, 0xFF, 0x11, 0x0D, 0x0F, 0xFF, 0x11, 0x0D, 0x0F, 0xFF,
  0x11, 0x0D, 0x0F, 0xFF, 0x11, 0x0D, 0x0F, 0xFF, 0x11, 0x0D, 0x0F, 0xFF, 0x11, 0x0D, 0x0F, 0xFF,
  0x11, 0x0D, 0x0F, 0xFF, 0x11, 0x0D, 0x0F, 0xFF, 0x11, 0x0D, 0x0F, 0xFF, 0x11, 0x0D, 0x0F, 0xFF,
  0x11, 0x0D, 0x0F, 0xFF, 0x11, 0x0D, 0x0F, 0xFF, 0x11, 0x0D, 0x0F, 0xFF, 0x11, 0x0D, 0x0F, 0xFF,
  0x11, 0x0D, 0x0F, 0xFF, 0x11, 0x0D, 0x0F, 0xFD, 0x12, 0x0D, 0x10, 0xFF, 0x11, 0x0D, 0x0D, 0x4B,
  0x11, 0x0C, 0x0F, 0xA2, 0x12, 0x0E, 0x10, 0xFE, 0x11, 0x0D, 0x0F, 0xFC, 0x11, 0x0D, 0x0F, 0xFF,
  0x11, 0x0D, 0x0F, 0xFF, 0x11, 0x0D, 0x0F, 0xFF, 0x11, 0x0D, 0x0F, 0xFF, 0x11, 0x0D, 0x0F, 0xFF,
  0x11, 0x0D, 0x0F, 0xFF, 0x11, 0x0D, 0x0F, 0xFF, 0x11, 0x0D, 0x0F, 0xFF, 0x11, 0x0D, 0x0F, 0xFF,
  0x11, 0x0D, 0x0F, 0xFF, 0x11, 0x0D, 0x0F, 0xFF, 0x11, 0x0D, 0x0F, 0xFF, 0x11, 0x0D, 0x0F, 0xFF,
  0x11, 0x0D, 0x0F, 0xFF, 0x11, 0x0D, 0x0F, 0xFF, 0x11, 0x0D, 0x0F, 0xFF, 0x11, 0x0D, 0x0F, 0xFF,
  0x11, 0x0D, 0x0F, 0xFF, 0x11, 0x0D, 0x0F, 0xFF, 0x11, 0x0D, 0x0F, 0xFF, 0x11, 0x0D, 0x0F, 0xFF,
  0x11, 0x0D, 0x0F, 0xFF, 0x11, 0x0D, 0x0F, 0xFF, 0x11, 0x0D, 0x0F, 0xFF, 0x11, 0x0D, 0x0F, 0xFF,
  0x11, 0x0D, 0x0F, 0xFF, 0x11, 0x0D, 0x0F, 0xFF, 0x11, 0x0D, 0x0F, 0xFF, 0x11, 0x0D, 0x0F, 0xFF,
  0x11, 0x0D, 0x0F, 0xFF, 0x11, 0x0D, 0x0F, 0xFF, 0x11, 0x0D, 0x0F, 0xFF, 0x11, 0x0D, 0x0F, 0xFF,
  0x11, 0x0D, 0x0F, 0xFF, 0x11, 0x0D, 0x0F, 0xFF, 0x11, 0x0D, 0x0F, 0xFF, 0x11, 0x0D, 0x0F, 0xFF,
  0x11, 0x0D, 0x0F, 0xFF, 0x11, 0x0D, 0x0F, 0xFF, 0x11, 0x0D, 0x0F, 0xFF, 0x11, 0x0D, 0x0F, 0xFF,
  0x11, 0x0D, 0x0F, 0xFF, 0x11, 0x0D, 0x0F, 0xFF, 0x11, 0x0D, 0x0F, 0xFF, 0x11, 0x0D, 0x0F, 0xFF,
  0x11, 0x0D, 0x0F, 0xFF, 0x11, 0x0D, 0x0F, 0xFF, 0x11, 0x0D, 0x0F, 0xFF, 0x11, 0x0D, 0x0F, 0xFF,
  0x11, 0x0D, 0x0F, 0xFF, 0x11, 0x0D, 0x0F, 0xFF, 0x11, 0x0D, 0x0F, 0xFF, 0x11, 0x0D, 0x0F, 0xFF,
  0x11, 0x0D, 0x0F, 0xFF, 0x11, 0x0D, 0x0F, 0xFF, 0x11, 0x0D, 0x0F, 0xFF, 0x11, 0x0D, 0x0F, 0xFF,
  0x11, 0x0D, 0x0F, 0xFF, 0x11, 0x0D, 0x0F, 0xFC, 0x12, 0x0E, 0x10, 0xFE, 0x11, 0x0C, 0x0F, 0xA2,
  0x11, 0x0C, 0x0F, 0xDB, 0x11, 0x0D, 0x0F, 0xFF, 0x11, 0x0D, 0x0F, 0xFE, 0x11, 0x0D, 0x0F, 0xFF,
  0x11, 0x0D, 0x0F, 0xFF, 0x11, 0x0D, 0x0F, 0xFF, 0x11, 0x0D, 0x0F, 0xFF, 0x11, 0x0D, 0x0F, 0xFF,
  0x11, 0x0D, 0x0F, 0xFF, 0x11, 0x0D, 0x0F, 0xFF, 0x11, 0x0D, 0x0F, 0xFF, 0x11, 0x0D, 0x0F, 0xFF,
  0x11, 0x0D, 0x0F, 0xFF, 0x11, 0x0D, 0x0F, 0xFF, 0x11, 0x0D, 0x0F, 0xFF, 0x11, 0x0D, 0x0F, 0xFF,
  0x11, 0x0D, 0x0F, 0xFF, 0x11, 0x0D, 0x0F, 0xFF, 0x11, 0x0D, 0x0F, 0xFF, 0x11, 0x0D, 0x0F, 0xFF,
  0x11, 0x0D, 0x0F, 0xFF, 0x11, 0x0D, 0x0F, 0xFF, 0x11, 0x0D, 0x0F, 0xFF, 0x11, 0x0D, 0x0F, 0xFF,
  0x11, 0x0D, 0x0F, 0xFF, 0x11, 0x0D, 0x0F, 0xFF, 0x11, 0x0D, 0x0F, 0xFF, 0x11, 0x0D, 0x0F, 0xFF,
  0x11, 0x0D, 0x0F, 0xFF, 0x11, 0x0D, 0x0F, 0xFF, 0x11, 0x0D, 0x0F, 0xFF, 0x11, 0x0D, 0x0F, 0xFF,
  0x11, 0x0D, 0x0F, 0xFF, 0x11, 0x0D, 0x0F, 0xFF, 0x11, 0x0D, 0x0F, 0xFF, 0x11, 0x0D, 0x0F, 0xFF,
  0x11, 0x0D, 0x0F, 0xFF, 0x11, 0x0D, 0x0F, 0xFF, 0x11, 0x0D, 0x0F, 0xFF, 0x11, 0x0D, 0x0F, 0xFF,
  0x11, 0x0D, 0x0F, 0xFF, 0x11, 0x0D, 0x0F, 0xFF, 0x11, 0x0D, 0x0F, 0xFF, 0x11, 0x0D, 0x0F, 0xFF,
  0x11, 0x0D, 0x0F, 0xFF, 0x11, 0x0D, 0x0F, 0xFF, 0x11, 0x0D, 0x0F, 0xFF, 0x11, 0x0D, 0x0F, 0xFF,
  0x11, 0x0D, 0x0F, 0xFF, 0x11, 0x0D, 0x0F, 0xFF, 0x11, 0x0D, 0x0F, 0xFF, 0x11, 0x0D, 0x0F, 0xFF,
  0x11, 0x0D, 0x0F, 0xFF, 0x11, 0x0D, 0x0F, 0xFF, 0x11, 0x0D, 0x0F, 0xFF, 0x11, 0x0D, 0x0F, 0xFF,
  0x11, 0x0D, 0x0F, 0xFF, 0x11, 0x0D, 0x0F, 0xFF, 0x11, 0x0D, 0x0F, 0xFF, 0x11, 0x0D, 0x0F, 0xFF,
  0x11, 0x0D, 0x0F, 0xFF, 0x11, 0x0D, 0x0F, 0xFE, 0x11, 0x0D, 0x0F, 0xFF, 0x11, 0x0C, 0x0F, 0xDB,
  0x10, 0x0C, 0x0E, 0xF7, 0x11, 0x0D, 0x0F, 0xFF, 0x11, 0x0D, 0x0F, 0xFF, 0x11, 0x0D, 0x0F, 0xFF,
  0x12, 0x0E, 0x10, 0xFF, 0x12, 0x0E, 0x10, 0xFF, 0x12, 0x0E, 0x10, 0xFF, 0x12, 0x0E, 0x10, 0xFF,
  0x12, 0x0E, 0x11, 0xFF, 0x12, 0x0E, 0x11, 0xFF, 0x12, 0x0E, 0x10, 0xFF, 0x12, 0x0E, 0x10, 0xFF,
  0x12, 0x0E, 0x10, 0xFF, 0x12, 0x0E, 0x11, 0xFF, 0x12, 0x0E, 0x10, 0xFF, 0x12, 0x0E, 0x10, 0xFF,
  0x12, 0x0E, 0x10, 0xFF, 0x12, 0x0E, 0x10, 0xFF, 0x12, 0x0E, 0x10, 0xFF, 0x12, 0x0E, 0x10, 0xFF,
  0x12, 0x0E, 0x10, 0xFF, 0x12, 0x0E, 0x10, 0xFF, 0x12, 0x0E, 0x10, 0xFF, 0x12, 0x0E, 0x10, 0xFF,
  0x12, 0x0E, 0x10, 0xFF, 0x12, 0x0E, 0x10, 0xFF, 0x12, 0x0E, 0x10, 0xFF, 0x12, 0x0E, 0x10, 0xFF,
  0x12, 0x0E, 0x10, 0xFF, 0x12, 0x0E, 0x10, 0xFF, 0x12, 0x0E, 0x10, 0xFF, 0x12, 0x0E, 0x10, 0xFF,
  0x12, 0x0E, 0x10, 0xFF, 0x12, 0x0E, 0x10, 0xFF, 0x12, 0x0E, 0x10, 0xFF, 0x12, 0x0E, 0x10, 0xFF,
  0x12, 0x0E, 0x10, 0xFF, 0x12, 0x0E, 0x10, 0xFF, 0x12, 0x0E, 0x10, 0xFF, 0x12, 0x0E, 0x10, 0xFF,
  0x12, 0x0E, 0x10, 0xFF, 0x12, 0x0E, 0x10, 0xFF, 0x12, 0x0E, 0x10, 0xFF, 0x12, 0x0E, 0x10, 0xFF,
  0x12, 0x0E, 0x10, 0xFF, 0x12, 0x0F, 0x11, 0xFF, 0x12, 0x0F, 0x11, 0xFF, 0x12, 0x0F, 0x11, 0xFF,
  0x12, 0x0F, 0x11, 0xFF, 0x12, 0x0F, 0x11, 0xFF, 0x12, 0x0E, 0x10, 0xFF, 0x12, 0x0E, 0x10, 0xFF,
  0x12, 0x0E, 0x10, 0xFF, 0x12, 0x0E, 0x10, 0xFF, 0x12, 0x0E, 0x10, 0xFF, 0x12, 0x0E, 0x10, 0xFF,
  0x12, 0x0E, 0x10, 0xFF, 0x12, 0x0E, 0x10, 0xFF, 0x12, 0x0E, 0x10, 0xFF, 0x12, 0x0E, 0x10, 0xFF,
  0x11, 0x0E, 0x10, 0xFF, 0x11, 0x0D, 0x0F, 0xFF, 0x11, 0x0D, 0x0F, 0xFF, 0x10, 0x0C, 0x0E, 0xF7,
  0x11, 0x0D, 0x0F, 0xFF, 0x11, 0x0D, 0x0F, 0xFF, 0x11, 0x0D, 0x0F, 0xFF, 0x0F, 0x0B, 0x0D, 0xFF,
  0x0D, 0x09, 0x0B, 0xFF, 0x0D, 0x08, 0x0A, 0xFF, 0x0D, 0x08, 0x0A, 0xFF, 0x0C, 0x07, 0x09, 0xFF,
  0x0B, 0x06, 0x08, 0xFF, 0x0B, 0x06, 0x08, 0xFF, 0x0C, 0x07, 0x09, 0xFF, 0x0C, 0x07, 0x09, 0xFF,
  0x0B, 0x06, 0x08, 0xFF, 0x0B, 0x06, 0x08, 0xFF, 0x0C, 0x07, 0x09, 0xFF, 0x0C, 0x07, 0x09, 0xFF,
  0x0C, 0x07, 0x09, 0xFF, 0x0C, 0x07, 0x09, 0xFF, 0x0C, 0x07, 0x09, 0xFF, 0x0D, 0x08, 0x0A, 0xFF,
  0x0D, 0x08, 0x0A, 0xFF, 0x0C, 0x08, 0x0A, 0xFF, 0x0D, 0x08, 0x0A, 0xFF, 0x0D, 0x08, 0x0A, 0xFF,
  0x0D, 0x08, 0x0A, 0xFF, 0x0D, 0x08, 0x0A, 0xFF, 0x0D, 0x08, 0x0A, 0xFF, 0x0D, 0x08, 0x0A, 0xFF,
  0x0D, 0x08, 0x0A, 0xFF, 0x0D, 0x08, 0x0A, 0xFF, 0x0D, 0x08, 0x0A, 0xFF, 0x0D, 0x08, 0x0A, 0xFF,
  0x0D, 0x08, 0x0A, 0xFF, 0x0D, 0x08, 0x0A, 0xFF, 0x0D, 0x08, 0x0A, 0xFF, 0x0D, 0x08, 0x0A, 0xFF,
  0x0D, 0x08, 0x0A, 0xFF, 0x0D, 0x08, 0x0A, 0xFF, 0x0D, 0x08, 0x0A, 0xFF, 0x0D, 0x08, 0x0A, 0xFF,
  0x0D, 0x08, 0x0A, 0xFF, 0x0D, 0x08, 0x0A, 0xFF, 0x0C, 0x07, 0x09, 0xFF, 0x0C, 0x07, 0x09, 0xFF,
  0x0C, 0x07, 0x09, 0xFF, 0x0B, 0x06, 0x08, 0xFF, 0x0B, 0x06, 0x08, 0xFF, 0x0B, 0x06, 0x08, 0xFF,
  0x0B, 0x06, 0x08, 0xFF, 0x0B, 0x06, 0x08, 0xFF, 0x0C, 0x07, 0x08, 0xFF, 0x0B, 0x07, 0x08, 0xFF,
  0x0C, 0x07, 0x09, 0xFF, 0x0C, 0x08, 0x0A, 0xFF, 0x0D, 0x08, 0x0A, 0xFF, 0x0E, 0x09, 0x0B, 0xFF,
  0x0E, 0x09, 0x0B, 0xFF, 0x0D, 0x08, 0x0A, 0xFF, 0x0D, 0x09, 0x0A, 0xFF, 0x0D, 0x09, 0x0A, 0xFF,
  0x0F, 0x0B, 0x0D, 0xFF, 0x11, 0x0D, 0x0F, 0xFF, 0x11, 0x0D, 0x0F, 0xFF, 0x11, 0x0D, 0x0F, 0xFF,
  0x11, 0x0D, 0x0F, 0xFF, 0x11, 0x0D, 0x0F, 0xFF, 0x10, 0x0C, 0x0E, 0xFF, 0x19, 0x16, 0x18, 0xFF,
  0x22, 0x21, 0x24, 0xFF, 0x23, 0x22, 0x25, 0xFF, 0x23, 0x22, 0x25, 0xFF, 0x27, 0x27, 0x2A, 0xFF,
  0x2B, 0x2C, 0x2F, 0xFF, 0x2C, 0x2C, 0x2F, 0xFF, 0x2A, 0x2B, 0x2D, 0xFF, 0x2B, 0x2B, 0x2D, 0xFF,
  0x2C, 0x2C, 0x2E, 0xFF, 0x2C, 0x2C, 0x2F, 0xFF, 0x2B, 0x2B, 0x2D, 0xFF, 0x2A, 0x2A, 0x2C, 0xFF,
  0x29, 0x2A, 0x2C, 0xFF, 0x28, 0x29, 0x2B, 0xFF, 0x27, 0x27, 0x2A, 0xFF, 0x26, 0x25, 0x28, 0xFF,
  0x26, 0x26, 0x28, 0xFF, 0x26, 0x26, 0x28, 0xFF, 0x24, 0x24, 0x27, 0xFF, 0x24, 0x23, 0x26, 0xFF,
  0x23, 0x22, 0x25, 0xFF, 0x23, 0x22, 0x25, 0xFF, 0x23, 0x23, 0x25, 0xFF, 0x23, 0x23, 0x25, 0xFF,
  0x23, 0x23, 0x25, 0xFF, 0x23, 0x23, 0x26, 0xFF, 0x24, 0x23, 0x26, 0xFF, 0x23, 0x24, 0x26, 0xFF,
  0x25, 0x25, 0x27, 0xFF, 0x25, 0x25, 0x27, 0xFF, 0x25, 0x25, 0x27, 0xFF, 0x24, 0x24, 0x26, 0xFF,
  0x24, 0x24, 0x27, 0xFF, 0x25, 0x26, 0x28, 0xFF, 0x25, 0x25, 0x27, 0xFF, 0x24, 0x24, 0x26, 0xFF,
  0x25, 0x25, 0x27, 0xFF, 0x26, 0x26, 0x28, 0xFF, 0x29, 0x29, 0x2B, 0xFF, 0x29, 0x29, 0x2C, 0xFF,
  0x2A, 0x2B, 0x2D, 0xFF, 0x2C, 0x2D, 0x2F, 0xFF, 0x2E, 0x2F, 0x31, 0xFF, 0x2F, 0x2F, 0x32, 0xFF,
  0x2F, 0x2F, 0x32, 0xFF, 0x2E, 0x2E, 0x31, 0xFF, 0x2B, 0x2C, 0x2E, 0xFF, 0x2B, 0x2B, 0x2E, 0xFF,
  0x29, 0x2A, 0x2C, 0xFF, 0x26, 0x26, 0x29, 0xFF, 0x24, 0x24, 0x27, 0xFF, 0x20, 0x1F, 0x22, 0xFF,
  0x20, 0x1F, 0x22, 0xFF, 0x24, 0x24, 0x26, 0xFF, 0x22, 0x22, 0x25, 0xFF, 0x22, 0x22, 0x24, 0xFF,
  0x1A, 0x18, 0x1B, 0xFF, 0x10, 0x0C, 0x0E, 0xFF, 0x11, 0x0D, 0x0F, 0xFF, 0x11, 0x0D, 0x0F, 0xFF,
  0x11, 0x0D, 0x0F, 0xFF, 0x12, 0x0E, 0x10, 0xFF, 0x0D, 0x08, 0x0A, 0xFF, 0x2F, 0x35, 0x37, 0xFF,
  0x5D, 0x6A, 0x70, 0xFF, 0x68, 0x77, 0x7D, 0xFF, 0x6D, 0x7B, 0x7F, 0xFF, 0x7F, 0x8B, 0x90, 0xFF,
  0x8B, 0x9B, 0xA2, 0xFF, 0x88, 0x97, 0x9E, 0xFF, 0x82, 0x92, 0x94, 0xFF, 0x84, 0x94, 0x97, 0xFF,
  0x88, 0x97, 0x9B, 0xFF, 0x8A, 0x9A, 0x9D, 0xFF, 0x8B, 0x99, 0x9C, 0xFF, 0x88, 0x94, 0x98, 0xFF,
  0x89, 0x96, 0x9A, 0xFF, 0x86, 0x94, 0x98, 0xFF, 0x7F, 0x8E, 0x92, 0xFF, 0x76, 0x82, 0x87, 0xFF,
  0x71, 0x7C, 0x81, 0xFF, 0x70, 0x7B, 0x80, 0xFF, 0x69, 0x74, 0x79, 0xFF, 0x65, 0x72, 0x77, 0xFF,
  0x65, 0x72, 0x77, 0xFF, 0x66, 0x72, 0x77, 0xFF, 0x66, 0x71, 0x76, 0xFF, 0x66, 0x71, 0x75, 0xFF,
  0x65, 0x70, 0x74, 0xFF, 0x65, 0x70, 0x76, 0xFF, 0x68, 0x73, 0x78, 0xFF, 0x67, 0x74, 0x79, 0xFF,
  0x6A, 0x77, 0x7B, 0xFF, 0x6C, 0x7A, 0x7D, 0xFF, 0x6C, 0x7B, 0x7E, 0xFF, 0x6A, 0x7A, 0x7D, 0xFF,
  0x68, 0x78, 0x7B, 0xFF, 0x6B, 0x7B, 0x7E, 0xFF, 0x6C, 0x7C, 0x80, 0xFF, 0x6A, 0x76, 0x7B, 0xFF,
  0x6B, 0x76, 0x7B, 0xFF, 0x6F, 0x7C, 0x81, 0xFF, 0x79, 0x86, 0x8A, 0xFF, 0x80, 0x8F, 0x93, 0xFF,
  0x8D, 0x9D, 0xA0, 0xFF, 0x94, 0xA3, 0xA8, 0xFF, 0x98, 0xA7, 0xAE, 0xFF, 0x99, 0xA7, 0xAE, 0xFF,
  0x99, 0xA7, 0xAD, 0xFF, 0x91, 0xA0, 0xA4, 0xFF, 0x84, 0x94, 0x98, 0xFF, 0x7E, 0x8E, 0x91, 0xFF,
  0x77, 0x85, 0x89, 0xFF, 0x68, 0x74, 0x78, 0xFF, 0x5F, 0x6B, 0x70, 0xFF, 0x58, 0x62, 0x67, 0xFF,
  0x5A, 0x66, 0x6B, 0xFF, 0x61, 0x6E, 0x72, 0xFF, 0x5D, 0x69, 0x6D, 0xFF, 0x5B, 0x67, 0x6D, 0xFF,
  0x37, 0x3D, 0x40, 0xFF, 0x0D, 0x08, 0x09, 0xFF, 0x12, 0x0E, 0x10, 0xFF, 0x11, 0x0D, 0x0F, 0xFF,
  0x11, 0x0D, 0x0F, 0xFF, 0x12, 0x0E, 0x10, 0xFF, 0x0D, 0x08, 0x0A, 0xFF, 0x34, 0x3A, 0x3D, 0xFF,
  0x5E, 0x6B, 0x71, 0xFF, 0x70, 0x7F, 0x84, 0xFF, 0x7A, 0x89, 0x8D, 0xFF, 0x84, 0x91, 0x96, 0xFF,
  0x84, 0x92, 0x98, 0xFF, 0x7E, 0x8C, 0x92, 0xFF, 0x7B, 0x8A, 0x90, 0xFF, 0x7D, 0x8B, 0x91, 0xFF,
  0x81, 0x90, 0x93, 0xFF, 0x89, 0x98, 0x9B, 0xFF, 0x8F, 0x9E, 0xA1, 0xFF, 0x89, 0x97, 0x9B, 0xFF,
  0x89, 0x96, 0x9A, 0xFF, 0x8A, 0x99, 0x9D, 0xFF, 0x82, 0x91, 0x95, 0xFF, 0x79, 0x86, 0x8A, 0xFF,
  0x6F, 0x7A, 0x7F, 0xFF, 0x6C, 0x77, 0x7B, 0xFF, 0x67, 0x74, 0x78, 0xFF, 0x64, 0x71, 0x75, 0xFF,
  0x64, 0x72, 0x75, 0xFF, 0x66, 0x6F, 0x75, 0xFF, 0x66, 0x6F, 0x75, 0xFF, 0x66, 0x70, 0x75, 0xFF,
  0x65, 0x6F, 0x74, 0xFF, 0x63, 0x70, 0x74, 0xFF, 0x64, 0x72, 0x75, 0xFF, 0x67, 0x72, 0x77, 0xFF,
  0x66, 0x73, 0x77, 0xFF, 0x68, 0x78, 0x7A, 0xFF, 0x6B, 0x7A, 0x7D, 0xFF, 0x6E, 0x7C, 0x80, 0xFF,
  0x6C, 0x7A, 0x7E, 0xFF, 0x6C, 0x7A, 0x7E, 0xFF, 0x70, 0x7F, 0x83, 0xFF, 0x6F, 0x7D, 0x81, 0xFF,
  0x6C, 0x78, 0x7C, 0xFF, 0x6E, 0x7A, 0x7E, 0xFF, 0x73, 0x80, 0x84, 0xFF, 0x82, 0x91, 0x94, 0xFF,
  0x92, 0xA2, 0xA4, 0xFF, 0x97, 0xA5, 0xAA, 0xFF, 0x96, 0xA4, 0xAB, 0xFF, 0x96, 0xA5, 0xAB, 0xFF,
  0x94, 0xA4, 0xA8, 0xFF, 0x8C, 0x9B, 0x9E, 0xFF, 0x82, 0x91, 0x94, 0xFF, 0x7B, 0x8A, 0x8D, 0xFF,
  0x6D, 0x7A, 0x7E, 0xFF, 0x5E, 0x69, 0x6D, 0xFF, 0x59, 0x64, 0x69, 0xFF, 0x58, 0x63, 0x68, 0xFF,
  0x55, 0x60, 0x65, 0xFF, 0x53, 0x5E, 0x65, 0xFF, 0x50, 0x5B, 0x62, 0xFF, 0x4F, 0x59, 0x5F, 0xFF,
  0x33, 0x37, 0x3B, 0xFF, 0x0D, 0x08, 0x0A, 0xFF, 0x12, 0x0E, 0x10, 0xFF, 0x11, 0x0D, 0x0F, 0xFF,
  0x11, 0x0D, 0x0F, 0xFF, 0x12, 0x0F, 0x11, 0xFF, 0x0B, 0x06, 0x08, 0xFF, 0x44, 0x4B, 0x4E, 0xFF,
  0x6F, 0x7F, 0x82, 0xFF, 0x6E, 0x7C, 0x80, 0xFF, 0x78, 0x86, 0x8D, 0xFF, 0x7E, 0x8C, 0x93, 0xFF,
  0x7B, 0x89, 0x8F, 0xFF, 0x75, 0x84, 0x88, 0xFF, 0x75, 0x83, 0x89, 0xFF, 0x75, 0x84, 0x89, 0xFF,
  0x7D, 0x8C, 0x8F, 0xFF, 0x8A, 0x99, 0x9D, 0xFF, 0x92, 0xA2, 0xA5, 0xFF, 0x8F, 0x9E, 0xA1, 0xFF,
  0x8A, 0x9A, 0x9D, 0xFF, 0x8A, 0x99, 0x9D, 0xFF, 0x81, 0x90, 0x93, 0xFF, 0x77, 0x82, 0x87, 0xFF,
  0x70, 0x7C, 0x80, 0xFF, 0x6D, 0x79, 0x7D, 0xFF, 0x6B, 0x77, 0x7B, 0xFF, 0x6A, 0x76, 0x7A, 0xFF,
  0x64, 0x72, 0x75, 0xFF, 0x65, 0x72, 0x76, 0xFF, 0x66, 0x73, 0x77, 0xFF, 0x66, 0x75, 0x77, 0xFF,
  0x65, 0x75, 0x76, 0xFF, 0x65, 0x75, 0x75, 0xFF, 0x68, 0x75, 0x77, 0xFF, 0x6B, 0x76, 0x7A, 0xFF,
  0x68, 0x77, 0x7A, 0xFF, 0x6C, 0x7A, 0x7E, 0xFF, 0x6E, 0x7C, 0x80, 0xFF, 0x70, 0x7C, 0x81, 0xFF,
  0x71, 0x7E, 0x83, 0xFF, 0x6E, 0x7E, 0x81, 0xFF, 0x75, 0x85, 0x88, 0xFF, 0x7A, 0x88, 0x8B, 0xFF,
  0x77, 0x84, 0x88, 0xFF, 0x7A, 0x87, 0x8B, 0xFF, 0x7F, 0x8E, 0x91, 0xFF, 0x8F, 0x9E, 0xA1, 0xFF,
  0x97, 0xA7, 0xAA, 0xFF, 0x98, 0xA8, 0xAB, 0xFF, 0x99, 0xA9, 0xAC, 0xFF, 0x97, 0xA7, 0xAA, 0xFF,
  0x93, 0xA3, 0xA6, 0xFF, 0x8D, 0x9C, 0x9F, 0xFF, 0x84, 0x93, 0x97, 0xFF, 0x7A, 0x8A, 0x8D, 0xFF,
  0x6F, 0x7C, 0x80, 0xFF, 0x66, 0x72, 0x76, 0xFF, 0x5A, 0x65, 0x6B, 0xFF, 0x54, 0x5E, 0x66, 0xFF,
  0x52, 0x5C, 0x64, 0xFF, 0x51, 0x5B, 0x62, 0xFF, 0x4D, 0x57, 0x5E, 0xFF, 0x52, 0x5E, 0x64, 0xFF,
  0x35, 0x3A, 0x3F, 0xFF, 0x0D, 0x08, 0x09, 0xFF, 0x12, 0x0E, 0x10, 0xFF, 0x11, 0x0D, 0x0F, 0xFF,
  0x11, 0x0D, 0x0F, 0xFF, 0x12, 0x0F, 0x11, 0xFF, 0x0B, 0x05, 0x07, 0xFF, 0x47, 0x4E, 0x51, 0xFF,
  0x6F, 0x7F, 0x83, 0xFF, 0x68, 0x76, 0x7B, 0xFF, 0x6C, 0x7B, 0x7E, 0xFF, 0x6E, 0x7C, 0x82, 0xFF,
  0x71, 0x7F, 0x85, 0xFF, 0x76, 0x85, 0x8A, 0xFF, 0x76, 0x85, 0x8B, 0xFF, 0x75, 0x84, 0x8A, 0xFF,
  0x77, 0x85, 0x8B, 0xFF, 0x80, 0x8E, 0x92, 0xFF, 0x88, 0x98, 0x9B, 0xFF, 0x93, 0xA3, 0xA6, 0xFF,
  0x92, 0xA1, 0xA4, 0xFF, 0x87, 0x96, 0x9A, 0xFF, 0x7E, 0x8D, 0x90, 0xFF, 0x7B, 0x87, 0x8B, 0xFF,
  0x77, 0x82, 0x87, 0xFF, 0x78, 0x85, 0x89, 0xFF, 0x71, 0x81, 0x85, 0xFF, 0x67, 0x75, 0x7A, 0xFF,
  0x6A, 0x76, 0x7A, 0xFF, 0x67, 0x75, 0x78, 0xFF, 0x66, 0x75, 0x78, 0xFF, 0x67, 0x75, 0x78, 0xFF,
  0x68, 0x76, 0x79, 0xFF, 0x69, 0x75, 0x79, 0xFF, 0x69, 0x75, 0x79, 0xFF, 0x69, 0x77, 0x7A, 0xFF,
  0x6D, 0x7C, 0x7F, 0xFF, 0x75, 0x82, 0x86, 0xFF, 0x77, 0x83, 0x88, 0xFF, 0x78, 0x84, 0x88, 0xFF,
  0x76, 0x83, 0x87, 0xFF, 0x73, 0x82, 0x85, 0xFF, 0x78, 0x87, 0x8A, 0xFF, 0x80, 0x8E, 0x91, 0xFF,
  0x7B, 0x89, 0x8D, 0xFF, 0x6E, 0x7A, 0x7F, 0xFF, 0x78, 0x88, 0x8C, 0xFF, 0x90, 0xA2, 0xA6, 0xFF,
  0x9D, 0xAE, 0xB2, 0xFF, 0xA0, 0xB0, 0xB3, 0xFF, 0x9B, 0xAB, 0xAE, 0xFF, 0x93, 0xA2, 0xA6, 0xFF,
  0x8B, 0x9B, 0x9E, 0xFF, 0x89, 0x98, 0x9B, 0xFF, 0x83, 0x92, 0x96, 0xFF, 0x78, 0x87, 0x8B, 0xFF,
  0x71, 0x7E, 0x83, 0xFF, 0x5F, 0x6A, 0x6F, 0xFF, 0x53, 0x5E, 0x65, 0xFF, 0x53, 0x5D, 0x64, 0xFF,
  0x52, 0x5C, 0x64, 0xFF, 0x51, 0x5C, 0x63, 0xFF, 0x4E, 0x58, 0x5F, 0xFF, 0x52, 0x5C, 0x65, 0xFF,
  0x34, 0x38, 0x3E, 0xFF, 0x0D, 0x08, 0x0A, 0xFF, 0x12, 0x0E, 0x10, 0xFF, 0x11, 0x0D, 0x0F, 0xFF,
  0x11, 0x0D, 0x0F, 0xFF, 0x12, 0x0F, 0x11, 0xFF, 0x0B, 0x06, 0x08, 0xFF, 0x44, 0x48, 0x4A, 0xFF,
  0x6D, 0x7D, 0x81, 0xFF, 0x6E, 0x7D, 0x82, 0xFF, 0x6F, 0x7F, 0x82, 0xFF, 0x6F, 0x7D, 0x83, 0xFF,
  0x74, 0x81, 0x88, 0xFF, 0x76, 0x83, 0x8A, 0xFF, 0x7A, 0x87, 0x8D, 0xFF, 0x73, 0x81, 0x86, 0xFF,
  0x67, 0x76, 0x7B, 0xFF, 0x71, 0x80, 0x83, 0xFF, 0x7D, 0x8C, 0x8F, 0xFF, 0x8E, 0x9D, 0xA0, 0xFF,
  0x8F, 0x9E, 0xA1, 0xFF, 0x8B, 0x9A, 0x9D, 0xFF, 0x82, 0x93, 0x97, 0xFF, 0x73, 0x81, 0x86, 0xFF,
  0x67, 0x73, 0x77, 0xFF, 0x71, 0x7A, 0x7D, 0xFF, 0x75, 0x7B, 0x7D, 0xFF, 0x70, 0x73, 0x73, 0xFF,
  0x61, 0x69, 0x6D, 0xFF, 0x69, 0x77, 0x7C, 0xFF, 0x6A, 0x76, 0x78, 0xFF, 0x6A, 0x76, 0x7A, 0xFF,
  0x6B, 0x77, 0x7B, 0xFF, 0x6C, 0x77, 0x7B, 0xFF, 0x6B, 0x78, 0x7C, 0xFF, 0x6B, 0x79, 0x7C, 0xFF,
  0x72, 0x7E, 0x82, 0xFF, 0x78, 0x85, 0x89, 0xFF, 0x7B, 0x86, 0x8B, 0xFF, 0x82, 0x8F, 0x93, 0xFF,
  0x82, 0x90, 0x93, 0xFF, 0x7C, 0x8A, 0x8E, 0xFF, 0x80, 0x8D, 0x91, 0xFF, 0x77, 0x87, 0x8C, 0xFF,
  0x6C, 0x72, 0x72, 0xFF, 0xAE, 0xA7, 0x9E, 0xFF, 0xAB, 0xA8, 0x9F, 0xFF, 0x9A, 0x98, 0x93, 0xFF,
  0x91, 0x94, 0x93, 0xFF, 0x8E, 0x9B, 0x9E, 0xFF, 0x92, 0xA7, 0xAC, 0xFF, 0x95, 0xA6, 0xAA, 0xFF,
  0x8B, 0x98, 0x9C, 0xFF, 0x81, 0x90, 0x93, 0xFF, 0x7E, 0x8D, 0x90, 0xFF, 0x76, 0x85, 0x88, 0xFF,
  0x6C, 0x78, 0x7D, 0xFF, 0x5E, 0x69, 0x6E, 0xFF, 0x57, 0x60, 0x68, 0xFF, 0x55, 0x5F, 0x66, 0xFF,
  0x52, 0x5C, 0x63, 0xFF, 0x51, 0x5B, 0x62, 0xFF, 0x51, 0x5B, 0x62, 0xFF, 0x55, 0x60, 0x67, 0xFF,
  0x35, 0x3A, 0x3F, 0xFF, 0x0D, 0x08, 0x0A, 0xFF, 0x12, 0x0E, 0x10, 0xFF, 0x11, 0x0D, 0x0F, 0xFF,
  0x11, 0x0D, 0x0F, 0xFF, 0x12, 0x0F, 0x11, 0xFF, 0x0B, 0x06, 0x08, 0xFF, 0x47, 0x4A, 0x4C, 0xFF,
  0x71, 0x80, 0x82, 0xFF, 0x6D, 0x7C, 0x7F, 0xFF, 0x6F, 0x7E, 0x81, 0xFF, 0x6F, 0x7D, 0x83, 0xFF,
  0x70, 0x7E, 0x84, 0xFF, 0x6E, 0x7B, 0x7F, 0xFF, 0x79, 0x85, 0x89, 0xFF, 0x79, 0x85, 0x89, 0xFF,
  0x74, 0x81, 0x85, 0xFF, 0x71, 0x80, 0x83, 0xFF, 0x7A, 0x88, 0x8C, 0xFF, 0x8B, 0x9A, 0x9D, 0xFF,
  0x94, 0xA4, 0xA8, 0xFF, 0x89, 0x9A, 0x9E, 0xFF, 0x7E, 0x88, 0x89, 0xFF, 0x90, 0x8D, 0x88, 0xFF,
  0xB8, 0xB0, 0xA7, 0xFF, 0xDD, 0xD4, 0xCA, 0xFF, 0xF0, 0xE9, 0xDD, 0xFF, 0xE5, 0xCD, 0xBC, 0xFF,
  0x94, 0x61, 0x4C, 0xFF, 0x6A, 0x66, 0x63, 0xFF, 0x68, 0x7A, 0x7F, 0xFF, 0x6B, 0x7A, 0x7D, 0xFF,
  0x6B, 0x78, 0x7C, 0xFF, 0x6C, 0x78, 0x7C, 0xFF, 0x6F, 0x7D, 0x81, 0xFF, 0x72, 0x82, 0x87, 0xFF,
  0x74, 0x80, 0x85, 0xFF, 0x76, 0x81, 0x85, 0xFF, 0x7D, 0x88, 0x8D, 0xFF, 0x8A, 0x98, 0x9B, 0xFF,
  0x8E, 0x9E, 0xA1, 0xFF, 0x89, 0x97, 0x9B, 0xFF, 0x7B, 0x88, 0x8E, 0xFF, 0x89, 0x89, 0x85, 0xFF,
  0xE4, 0xD6, 0xC7, 0xFF, 0xF8, 0xE9, 0xDA, 0xFF, 0xF5, 0xE3, 0xD1, 0xFF, 0xF8, 0xE3, 0xCC, 0xFF,
  0xE7, 0xCB, 0xB1, 0xFF, 0xC1, 0xA4, 0x8F, 0xFF, 0xA1, 0x91, 0x86, 0xFF, 0x8E, 0x91, 0x92, 0xFF,
  0x8A, 0x9C, 0xA1, 0xFF, 0x87, 0x97, 0x9A, 0xFF, 0x7A, 0x88, 0x8B, 0xFF, 0x6E, 0x7D, 0x81, 0xFF,
  0x65, 0x6F, 0x77, 0xFF, 0x5F, 0x6A, 0x6F, 0xFF, 0x56, 0x60, 0x68, 0xFF, 0x54, 0x5E, 0x65, 0xFF,
  0x50, 0x5A, 0x61, 0xFF, 0x4F, 0x59, 0x60, 0xFF, 0x4D, 0x57, 0x5E, 0xFF, 0x54, 0x61, 0x66, 0xFF,
  0x3B, 0x40, 0x44, 0xFF, 0x0C, 0x07, 0x09, 0xFF, 0x12, 0x0E, 0x10, 0xFF, 0x11, 0x0D, 0x0F, 0xFF,
  0x11, 0x0D, 0x0F, 0xFF, 0x13, 0x0F, 0x11, 0xFF, 0x0A, 0x06, 0x07, 0xFF, 0x4E, 0x4F, 0x52, 0xFF,
  0x74, 0x84, 0x87, 0xFF, 0x6A, 0x7A, 0x7B, 0xFF, 0x6C, 0x7B, 0x7F, 0xFF, 0x6F, 0x7E, 0x82, 0xFF,
  0x70, 0x7E, 0x82, 0xFF, 0x73, 0x80, 0x84, 0xFF, 0x7D, 0x89, 0x8D, 0xFF, 0x7F, 0x8B, 0x90, 0xFF,
  0x7B, 0x89, 0x8C, 0xFF, 0x7A, 0x87, 0x8B, 0xFF, 0x80, 0x8D, 0x91, 0xFF, 0x7F, 0x8F, 0x94, 0xFF,
  0x80, 0x89, 0x8A, 0xFF, 0x9E, 0x97, 0x90, 0xFF, 0xE0, 0xD3, 0xC6, 0xFF, 0xFF, 0xF5, 0xE6, 0xFF,
  0xF1, 0xDC, 0xCD, 0xFF, 0xC8, 0xAF, 0xA0, 0xFF, 0xAF, 0x8D, 0x7E, 0xFF, 0x9A, 0x66, 0x55, 0xFF,
  0x98, 0x4F, 0x36, 0xFF, 0x97, 0x59, 0x45, 0xFF, 0x6A, 0x5C, 0x58, 0xFF, 0x6C, 0x79, 0x7E, 0xFF,
  0x71, 0x7E, 0x82, 0xFF, 0x72, 0x7E, 0x82, 0xFF, 0x70, 0x80, 0x84, 0xFF, 0x68, 0x68, 0x66, 0xFF,
  0x71, 0x7A, 0x7D, 0xFF, 0x79, 0x85, 0x89, 0xFF, 0x80, 0x8D, 0x91, 0xFF, 0x8D, 0x9D, 0xA2, 0xFF,
  0x86, 0x94, 0x98, 0xFF, 0x81, 0x8E, 0x91, 0xFF, 0x7A, 0x70, 0x69, 0xFF, 0xA1, 0x7F, 0x6E, 0xFF,
  0x87, 0x5C, 0x4F, 0xFF, 0x65, 0x2E, 0x20, 0xFF, 0x76, 0x40, 0x2F, 0xFF, 0x9A, 0x6A, 0x59, 0xFF,
  0xB7, 0x8B, 0x76, 0xFF, 0xE3, 0xB7, 0x9B, 0xFF, 0xEB, 0xBF, 0xA0, 0xFF, 0xC9, 0x9D, 0x83, 0xFF,
  0x92, 0x77, 0x6A, 0xFF, 0x81, 0x8C, 0x8F, 0xFF, 0x80, 0x91, 0x95, 0xFF, 0x6F, 0x7E, 0x80, 0xFF,
  0x65, 0x72, 0x77, 0xFF, 0x64, 0x6E, 0x74, 0xFF, 0x58, 0x62, 0x6A, 0xFF, 0x55, 0x5E, 0x66, 0xFF,
  0x52, 0x5C, 0x64, 0xFF, 0x4F, 0x59, 0x5F, 0xFF, 0x45, 0x4F, 0x54, 0xFF, 0x47, 0x52, 0x57, 0xFF,
  0x31, 0x36, 0x38, 0xFF, 0x0D, 0x08, 0x0A, 0xFF, 0x12, 0x0E, 0x10, 0xFF, 0x11, 0x0D, 0x0F, 0xFF,
  0x11, 0x0D, 0x0F, 0xFF, 0x13, 0x0F, 0x11, 0xFF, 0x0A, 0x06, 0x09, 0xFF, 0x56, 0x46, 0x43, 0xFF,
  0x7F, 0x78, 0x78, 0xFF, 0x71, 0x7B, 0x7E, 0xFF, 0x70, 0x7F, 0x83, 0xFF, 0x76, 0x82, 0x87, 0xFF,
  0x7C, 0x87, 0x8C, 0xFF, 0x7E, 0x89, 0x8E, 0xFF, 0x81, 0x8C, 0x91, 0xFF, 0x7E, 0x8A, 0x8F, 0xFF,
  0x79, 0x86, 0x8A, 0xFF, 0x7B, 0x88, 0x8B, 0xFF, 0x6C, 0x7A, 0x80, 0xFF, 0x7D, 0x7B, 0x7A, 0xFF,
  0xD3, 0xC2, 0xB4, 0xFF, 0xF9, 0xE3, 0xCF, 0xFF, 0xCE, 0xB4, 0xA6, 0xFF, 0x7E, 0x5A, 0x4E, 0xFF,
  0x4D, 0x22, 0x18, 0xFF, 0x31, 0x05, 0x00, 0xFF, 0x45, 0x09, 0x00, 0xFF, 0x59, 0x1C, 0x0F, 0xFF,
  0x5B, 0x28, 0x1C, 0xFF, 0x4F, 0x26, 0x1D, 0xFF, 0x4A, 0x2A, 0x23, 0xFF, 0x67, 0x6B, 0x6E, 0xFF,
  0x7B, 0x86, 0x8B, 0xFF, 0x72, 0x82, 0x88, 0xFF, 0x78, 0x6E, 0x69, 0xFF, 0x6C, 0x50, 0x46, 0xFF,
  0x71, 0x7D, 0x82, 0xFF, 0x7A, 0x85, 0x89, 0xFF, 0x7A, 0x8A, 0x8F, 0xFF, 0x83, 0x8D, 0x8F, 0xFF,
  0x8C, 0x74, 0x66, 0xFF, 0x75, 0x73, 0x71, 0xFF, 0x7F, 0x83, 0x82, 0xFF, 0x5F, 0x5A, 0x5A, 0xFF,
  0x52, 0x45, 0x44, 0xFF, 0x5F, 0x3D, 0x35, 0xFF, 0x5E, 0x2E, 0x22, 0xFF, 0x60, 0x23, 0x16, 0xFF,
  0x71, 0x2F, 0x20, 0xFF, 0x80, 0x47, 0x36, 0xFF, 0x8A, 0x5C, 0x4A, 0xFF, 0xD1, 0x9B, 0x7F, 0xFF,
  0xC7, 0x81, 0x61, 0xFF, 0x9B, 0x6B, 0x55, 0xFF, 0x72, 0x75, 0x75, 0xFF, 0x6D, 0x80, 0x85, 0xFF,
  0x62, 0x6D, 0x71, 0xFF, 0x5E, 0x68, 0x6F, 0xFF, 0x5B, 0x65, 0x6C, 0xFF, 0x56, 0x5F, 0x67, 0xFF,
  0x50, 0x5A, 0x61, 0xFF, 0x4B, 0x54, 0x5B, 0xFF, 0x43, 0x4D, 0x53, 0xFF, 0x46, 0x51, 0x55, 0xFF,
  0x2E, 0x33, 0x36, 0xFF, 0x0E, 0x09, 0x0B, 0xFF, 0x12, 0x0E, 0x10, 0xFF, 0x11, 0x0D, 0x0F, 0xFF,
  0x11, 0x0D, 0x0F, 0xFF, 0x14, 0x0F, 0x10, 0xFF, 0x05, 0x06, 0x0B, 0xFF, 0x7B, 0x48, 0x37, 0xFF,
  0xC8, 0x72, 0x56, 0xFF, 0x92, 0x79, 0x74, 0xFF, 0x75, 0x86, 0x8A, 0xFF, 0x81, 0x8A, 0x90, 0xFF,
  0x83, 0x8D, 0x92, 0xFF, 0x7F, 0x8B, 0x90, 0xFF, 0x7E, 0x89, 0x8E, 0xFF, 0x79, 0x85, 0x89, 0xFF,
  0x7A, 0x86, 0x8A, 0xFF, 0x6D, 0x7A, 0x7E, 0xFF, 0x84, 0x7E, 0x79, 0xFF, 0xF1, 0xDE, 0xCB, 0xFF,
  0xEC, 0xCD, 0xBA, 0xFF, 0x86, 0x59, 0x4B, 0xFF, 0x3F, 0x10, 0x07, 0xFF, 0x24, 0x02, 0x00, 0xFF,
  0x2A, 0x0F, 0x0A, 0xFF, 0x43, 0x31, 0x2D, 0xFF, 0x61, 0x59, 0x58, 0xFF, 0x6A, 0x6B, 0x6C, 0xFF,
  0x6F, 0x79, 0x7C, 0xFF, 0x6B, 0x77, 0x7C, 0xFF, 0x70, 0x7E, 0x82, 0xFF, 0x75, 0x81, 0x84, 0xFF,
  0x77, 0x85, 0x8A, 0xFF, 0x75, 0x74, 0x72, 0xFF, 0x8F, 0x58, 0x46, 0xFF, 0x67, 0x61, 0x61, 0xFF,
  0x81, 0x90, 0x94, 0xFF, 0x77, 0x83, 0x87, 0xFF, 0x7E, 0x79, 0x76, 0xFF, 0xC2, 0x99, 0x82, 0xFF,
  0x81, 0x55, 0x45, 0xFF, 0x89, 0x95, 0x9A, 0xFF, 0xA0, 0xB2, 0xB6, 0xFF, 0xA8, 0xB9, 0xBC, 0xFF,
  0xAA, 0xBC, 0xC0, 0xFF, 0x9F, 0xB5, 0xBA, 0xFF, 0x74, 0x79, 0x7A, 0xFF, 0x7F, 0x4A, 0x39, 0xFF,
  0x86, 0x41, 0x2E, 0xFF, 0x33, 0x12, 0x0A, 0xFF, 0x20, 0x00, 0x00, 0xFF, 0x65, 0x2F, 0x20, 0xFF,
  0xA5, 0x65, 0x4C, 0xFF, 0xB1, 0x68, 0x49, 0xFF, 0x83, 0x4A, 0x37, 0xFF, 0x6D, 0x6C, 0x6D, 0xFF,
  0x77, 0x88, 0x8D, 0xFF, 0x66, 0x72, 0x77, 0xFF, 0x5A, 0x67, 0x6D, 0xFF, 0x52, 0x5D, 0x64, 0xFF,
  0x4D, 0x57, 0x5E, 0xFF, 0x48, 0x51, 0x59, 0xFF, 0x43, 0x4D, 0x54, 0xFF, 0x45, 0x51, 0x56, 0xFF,
  0x2E, 0x32, 0x36, 0xFF, 0x0E, 0x09, 0x0B, 0xFF, 0x12, 0x0E, 0x10, 0xFF, 0x11, 0x0D, 0x0F, 0xFF,
  0x11, 0x0D, 0x0F, 0xFF, 0x14, 0x0F, 0x10, 0xFF, 0x03, 0x05, 0x0A, 0xFF, 0x83, 0x4D, 0x3A, 0xFF,
  0xD6, 0x76, 0x54, 0xFF, 0xA7, 0x6B, 0x58, 0xFF, 0x80, 0x86, 0x88, 0xFF, 0x7D, 0x89, 0x8C, 0xFF,
  0x7B, 0x86, 0x8A, 0xFF, 0x7C, 0x88, 0x8C, 0xFF, 0x7B, 0x87, 0x8B, 0xFF, 0x7C, 0x87, 0x8C, 0xFF,
  0x74, 0x81, 0x86, 0xFF, 0x80, 0x7D, 0x7B, 0xFF, 0xF4, 0xE2, 0xCD, 0xFF, 0xD6, 0xBB, 0xA6, 0xFF,
  0x5F, 0x2E, 0x20, 0xFF, 0x39, 0x0A, 0x00, 0xFF, 0x41, 0x1B, 0x12, 0xFF, 0x47, 0x1C, 0x11, 0xFF,
  0x64, 0x62, 0x61, 0xFF, 0xA4, 0xB8, 0xBC, 0xFF, 0x9B, 0xAC, 0xB0, 0xFF, 0x8C, 0x9C, 0xA3, 0xFF,
  0x6D, 0x65, 0x63, 0xFF, 0x6D, 0x49, 0x3D, 0xFF, 0x72, 0x78, 0x7B, 0xFF, 0x80, 0x91, 0x94, 0xFF,
  0x6C, 0x78, 0x7B, 0xFF, 0x8E, 0x5E, 0x4B, 0xFF, 0x74, 0x47, 0x3B, 0xFF, 0x75, 0x83, 0x87, 0xFF,
  0x88, 0x94, 0x94, 0xFF, 0x78, 0x88, 0x8C, 0xFF, 0x8F, 0x68, 0x5A, 0xFF, 0xA8, 0x5E, 0x44, 0xFF,
  0x5E, 0x3A, 0x30, 0xFF, 0x9B, 0xAD, 0xB1, 0xFF, 0x9D, 0xAB, 0xAE, 0xFF, 0xA0, 0xAE, 0xB1, 0xFF,
  0x9B, 0xA9, 0xAC, 0xFF, 0x8C, 0x83, 0x7D, 0xFF, 0xA3, 0x73, 0x60, 0xFF, 0x95, 0x58, 0x41, 0xFF,
  0x58, 0x3B, 0x33, 0xFF, 0x86, 0x8D, 0x8D, 0xFF, 0x57, 0x4F, 0x4B, 0xFF, 0x42, 0x12, 0x05, 0xFF,
  0x4F, 0x1D, 0x0F, 0xFF, 0x76, 0x3E, 0x2D, 0xFF, 0xA4, 0x59, 0x3E, 0xFF, 0x89, 0x50, 0x3D, 0xFF,
  0x7E, 0x86, 0x88, 0xFF, 0x8D, 0x9E, 0xA1, 0xFF, 0x7F, 0x8D, 0x90, 0xFF, 0x79, 0x86, 0x8A, 0xFF,
  0x68, 0x76, 0x7C, 0xFF, 0x55, 0x60, 0x68, 0xFF, 0x48, 0x53, 0x5A, 0xFF, 0x43, 0x51, 0x55, 0xFF,
  0x2D, 0x32, 0x37, 0xFF, 0x0E, 0x09, 0x0A, 0xFF, 0x12, 0x0E, 0x10, 0xFF, 0x11, 0x0D, 0x0F, 0xFF,
  0x11, 0x0D, 0x0F, 0xFF, 0x14, 0x0E, 0x10, 0xFF, 0x05, 0x07, 0x0B, 0xFF, 0x6E, 0x3A, 0x2B, 0xFF,
  0xCB, 0x6F, 0x50, 0xFF, 0xCD, 0x7C, 0x5C, 0xFF, 0x9D, 0x83, 0x7C, 0xFF, 0x7F, 0x8B, 0x8F, 0xFF,
  0x7C, 0x87, 0x8B, 0xFF, 0x7E, 0x8A, 0x8E, 0xFF, 0x81, 0x8C, 0x90, 0xFF, 0x81, 0x8E, 0x94, 0xFF,
  0x73, 0x75, 0x76, 0xFF, 0xDD, 0xC8, 0xB2, 0xFF, 0xDF, 0xC6, 0xB0, 0xFF, 0x52, 0x25, 0x1A, 0xFF,
  0x37, 0x0D, 0x04, 0xFF, 0x4B, 0x42, 0x41, 0xFF, 0x48, 0x2F, 0x27, 0xFF, 0x96, 0x4E, 0x38, 0xFF,
  0x60, 0x2E, 0x20, 0xFF, 0x75, 0x76, 0x75, 0xFF, 0xA0, 0xB4, 0xB9, 0xFF, 0x76, 0x65, 0x61, 0xFF,
  0xA8, 0x67, 0x4E, 0xFF, 0x98, 0x58, 0x42, 0xFF, 0x66, 0x40, 0x33, 0xFF, 0x77, 0x85, 0x88, 0xFF,
  0x7D, 0x6D, 0x66, 0xFF, 0x89, 0x44, 0x2F, 0xFF, 0x5D, 0x51, 0x4D, 0xFF, 0x89, 0x9A, 0x9E, 0xFF,
  0x87, 0x95, 0x97, 0xFF, 0x7F, 0x91, 0x93, 0xFF, 0x82, 0x5B, 0x4D, 0xFF, 0x92, 0x48, 0x30, 0xFF,
  0x68, 0x44, 0x37, 0xFF, 0x9D, 0xAE, 0xB2, 0xFF, 0xA3, 0xB1, 0xB4, 0xFF, 0xA0, 0xB3, 0xB7, 0xFF,
  0x90, 0x7F, 0x76, 0xFF, 0xD5, 0x9E, 0x80, 0xFF, 0xC8, 0x95, 0x7C, 0xFF, 0x47, 0x15, 0x07, 0xFF,
  0x70, 0x6D, 0x6C, 0xFF, 0xB1, 0xC6, 0xCA, 0xFF, 0xA7, 0xB8, 0xBC, 0xFF, 0x7B, 0x7C, 0x7B, 0xFF,
  0x36, 0x1C, 0x14, 0xFF, 0x3E, 0x13, 0x06, 0xFF, 0x8A, 0x48, 0x34, 0xFF, 0x8D, 0x45, 0x2F, 0xFF,
  0x70, 0x4F, 0x45, 0xFF, 0x9A, 0xAE, 0xB2, 0xFF, 0x9D, 0xAB, 0xAF, 0xFF, 0x99, 0xA8, 0xAB, 0xFF,
  0x94, 0xA3, 0xA7, 0xFF, 0x84, 0x92, 0x98, 0xFF, 0x71, 0x7E, 0x83, 0xFF, 0x65, 0x72, 0x77, 0xFF,
  0x46, 0x4C, 0x50, 0xFF, 0x0C, 0x06, 0x08, 0xFF, 0x12, 0x0F, 0x11, 0xFF, 0x11, 0x0D, 0x0F, 0xFF,
  0x11, 0x0D, 0x0F, 0xFF, 0x13, 0x0E, 0x10, 0xFF, 0x07, 0x08, 0x0C, 0xFF, 0x6D, 0x41, 0x33, 0xFF,
  0xAD, 0x58, 0x3D, 0xFF, 0xD4, 0x79, 0x54, 0xFF, 0xAF, 0x71, 0x5D, 0xFF, 0x84, 0x89, 0x8C, 0xFF,
  0x83, 0x91, 0x94, 0xFF, 0x81, 0x8F, 0x92, 0xFF, 0x83, 0x8F, 0x93, 0xFF, 0x70, 0x7C, 0x82, 0xFF,
  0xA6, 0x94, 0x86, 0xFF, 0xF2, 0xD6, 0xBA, 0xFF, 0x69, 0x3C, 0x2E, 0xFF, 0x29, 0x04, 0x00, 0xFF,
  0x5A, 0x59, 0x59, 0xFF, 0x6E, 0x75, 0x77, 0xFF, 0x73, 0x3D, 0x2B, 0xFF, 0x93, 0x52, 0x3D, 0xFF,
  0x47, 0x18, 0x0B, 0xFF, 0x72, 0x72, 0x71, 0xFF, 0x9E, 0xB4, 0xB9, 0xFF, 0x77, 0x53, 0x48, 0xFF,
  0xA1, 0x58, 0x40, 0xFF, 0x50, 0x24, 0x19, 0xFF, 0x42, 0x27, 0x1F, 0xFF, 0x71, 0x7A, 0x7C, 0xFF,
  0x9C, 0x6A, 0x57, 0xFF, 0x72, 0x38, 0x25, 0xFF, 0x6B, 0x6F, 0x70, 0xFF, 0x90, 0xA2, 0xA6, 0xFF,
  0x8C, 0x9B, 0x9E, 0xFF, 0x85, 0x97, 0x99, 0xFF, 0x7D, 0x54, 0x48, 0xFF, 0x83, 0x3D, 0x28, 0xFF,
  0x61, 0x41, 0x36, 0xFF, 0xA1, 0xB2, 0xB5, 0xFF, 0xA5, 0xB3, 0xB5, 0xFF, 0xA0, 0xB6, 0xBA, 0xFF,
  0x8A, 0x6B, 0x5F, 0xFF, 0xB1, 0x69, 0x4B, 0xFF, 0x8C, 0x52, 0x3C, 0xFF, 0x3D, 0x0F, 0x02, 0xFF,
  0x73, 0x6E, 0x6C, 0xFF, 0xA9, 0xBA, 0xBE, 0xFF, 0xA0, 0xAE, 0xB2, 0xFF, 0xA9, 0xBD, 0xC2, 0xFF,
  0x8F, 0x9A, 0x9D, 0xFF, 0x4A, 0x2D, 0x25, 0xFF, 0x58, 0x21, 0x13, 0xFF, 0x86, 0x45, 0x34, 0xFF,
  0x70, 0x33, 0x21, 0xFF, 0x84, 0x87, 0x85, 0xFF, 0xA1, 0xB3, 0xB7, 0xFF, 0x9A, 0xA9, 0xAC, 0xFF,
  0x9A, 0xAA, 0xAD, 0xFF, 0x9A, 0xAA, 0xAC, 0xFF, 0x97, 0xA6, 0xA9, 0xFF, 0x9F, 0xAE, 0xB1, 0xFF,
  0x62, 0x67, 0x6A, 0xFF, 0x08, 0x03, 0x05, 0xFF, 0x13, 0x0F, 0x11, 0xFF, 0x11, 0x0D, 0x0F, 0xFF,
  0x11, 0x0D, 0x0F, 0xFF, 0x14, 0x0F, 0x10, 0xFF, 0x05, 0x06, 0x0B, 0xFF, 0x81, 0x52, 0x3F, 0xFF,
  0xCC, 0x81, 0x66, 0xFF, 0xE1, 0xA8, 0x88, 0xFF, 0xC6, 0x96, 0x7C, 0xFF, 0x87, 0x8D, 0x8E, 0xFF,
  0x87, 0x94, 0x97, 0xFF, 0x89, 0x93, 0x97, 0xFF, 0x8A, 0x96, 0x9B, 0xFF, 0x76, 0x76, 0x75, 0xFF,
  0xDA, 0xB3, 0x97, 0xFF, 0xAE, 0x83, 0x6E, 0xFF, 0x36, 0x09, 0x00, 0xFF, 0x4F, 0x48, 0x46, 0xFF,
  0x7E, 0x90, 0x95, 0xFF, 0x60, 0x55, 0x51, 0xFF, 0x8E, 0x4B, 0x34, 0xFF, 0x74, 0x39, 0x27, 0xFF,
  0x40, 0x26, 0x20, 0xFF, 0x86, 0x92, 0x97, 0xFF, 0x8C, 0x9F, 0xA4, 0xFF, 0x6F, 0x50, 0x48, 0xFF,
  0x7B, 0x37, 0x22, 0xFF, 0x50, 0x1F, 0x11, 0xFF, 0x70, 0x73, 0x75, 0xFF, 0x80, 0x87, 0x87, 0xFF,
  0x92, 0x4F, 0x3A, 0xFF, 0x63, 0x32, 0x24, 0xFF, 0x7B, 0x84, 0x85, 0xFF, 0x8F, 0xA0, 0xA4, 0xFF,
  0x8A, 0x98, 0x9B, 0xFF, 0x83, 0x96, 0x9A, 0xFF, 0x81, 0x56, 0x49, 0xFF, 0x87, 0x3F, 0x2A, 0xFF,
  0x5E, 0x40, 0x36, 0xFF, 0xA1, 0xB2, 0xB5, 0xFF, 0xA5, 0xB3, 0xB5, 0xFF, 0xA4, 0xB8, 0xBE, 0xFF,
  0x83, 0x66, 0x5C, 0xFF, 0xA1, 0x58, 0x3B, 0xFF, 0x8B, 0x4F, 0x39, 0xFF, 0x42, 0x13, 0x05, 0xFF,
  0x74, 0x6F, 0x6C, 0xFF, 0xAA, 0xBC, 0xC1, 0xFF, 0xA1, 0xAF, 0xB3, 0xFF, 0x9F, 0xAE, 0xB1, 0xFF,
  0xAB, 0xBC, 0xC0, 0xFF, 0x8F, 0x9A, 0x9E, 0xFF, 0x49, 0x26, 0x1B, 0xFF, 0x78, 0x39, 0x27, 0xFF,
  0x75, 0x32, 0x1E, 0xFF, 0x6E, 0x5B, 0x55, 0xFF, 0xA1, 0xB4, 0xB8, 0xFF, 0x9B, 0xAA, 0xAC, 0xFF,
  0x9E, 0xAC, 0xAF, 0xFF, 0x9B, 0xAA, 0xAD, 0xFF, 0x94, 0xA4, 0xA8, 0xFF, 0x8F, 0xA3, 0xA7, 0xFF,
  0x4C, 0x5B, 0x5D, 0xFF, 0x0A, 0x04, 0x06, 0xFF, 0x13, 0x0F, 0x11, 0xFF, 0x11, 0x0D, 0x0F, 0xFF,
  0x11, 0x0D, 0x0F, 0xFF, 0x14, 0x0E, 0x10, 0xFF, 0x05, 0x07, 0x0B, 0xFF, 0x7A, 0x48, 0x38, 0xFF,
  0xDC, 0x88, 0x68, 0xFF, 0xE2, 0xA9, 0x89, 0xFF, 0xC4, 0x9B, 0x86, 0xFF, 0x8D, 0x94, 0x99, 0xFF,
  0x8E, 0x9A, 0x9C, 0xFF, 0x96, 0xA0, 0xA1, 0xFF, 0x97, 0xA7, 0xAB, 0xFF, 0x92, 0x81, 0x79, 0xFF,
  0xD7, 0x9F, 0x7F, 0xFF, 0x65, 0x32, 0x22, 0xFF, 0x43, 0x2A, 0x24, 0xFF, 0x85, 0x92, 0x95, 0xFF,
  0x7B, 0x8B, 0x90, 0xFF, 0x5E, 0x48, 0x41, 0xFF, 0x8D, 0x47, 0x32, 0xFF, 0x5F, 0x28, 0x19, 0xFF,
  0x56, 0x4B, 0x49, 0xFF, 0x86, 0x93, 0x99, 0xFF, 0x84, 0x93, 0x99, 0xFF, 0x6D, 0x4F, 0x46, 0xFF,
  0x91, 0x49, 0x31, 0xFF, 0x57, 0x25, 0x16, 0xFF, 0x7B, 0x81, 0x82, 0xFF, 0x79, 0x74, 0x73, 0xFF,
  0x80, 0x3B, 0x28, 0xFF, 0x5D, 0x2D, 0x20, 0xFF, 0x7F, 0x89, 0x8A, 0xFF, 0x91, 0xA1, 0xA4, 0xFF,
  0x88, 0x96, 0x99, 0xFF, 0x91, 0xA1, 0xA6, 0xFF, 0x79, 0x50, 0x45, 0xFF, 0x87, 0x3D, 0x26, 0xFF,
  0x65, 0x42, 0x37, 0xFF, 0xA0, 0xB2, 0xB7, 0xFF, 0xA6, 0xB3, 0xB7, 0xFF, 0xA4, 0xB8, 0xBE, 0xFF,
  0x83, 0x66, 0x5C, 0xFF, 0x9A, 0x4E, 0x33, 0xFF, 0x85, 0x47, 0x33, 0xFF, 0x4D, 0x19, 0x0A, 0xFF,
  0x76, 0x6F, 0x6D, 0xFF, 0xAA, 0xBC, 0xC2, 0xFF, 0xA1, 0xAF, 0xB2, 0xFF, 0xA2, 0xB1, 0xB6, 0xFF,
  0xA1, 0xAD, 0xB4, 0xFF, 0xAA, 0xBD, 0xC3, 0xFF, 0x7B, 0x77, 0x77, 0xFF, 0x67, 0x2B, 0x1A, 0xFF,
  0x7E, 0x39, 0x26, 0xFF, 0x64, 0x45, 0x3C, 0xFF, 0x9B, 0xAD, 0xB1, 0xFF, 0xA1, 0xAC, 0xAF, 0xFF,
  0x8B, 0x9C, 0xA0, 0xFF, 0x68, 0x8A, 0x8C, 0xFF, 0x5F, 0x89, 0x88, 0xFF, 0x66, 0x97, 0x98, 0xFF,
  0x3F, 0x5D, 0x5D, 0xFF, 0x0B, 0x04, 0x06, 0xFF, 0x12, 0x0F, 0x11, 0xFF, 0x11, 0x0D, 0x0F, 0xFF,
  0x11, 0x0D, 0x0F, 0xFF, 0x14, 0x0E, 0x10, 0xFF, 0x06, 0x07, 0x0B, 0xFF, 0x72, 0x42, 0x34, 0xFF,
  0xD7, 0x85, 0x66, 0xFF, 0xDB, 0x85, 0x61, 0xFF, 0xAB, 0x87, 0x7D, 0xFF, 0x8E, 0x9B, 0xA0, 0xFF,
  0x95, 0x9F, 0xA0, 0xFF, 0x9B, 0xA6, 0xA9, 0xFF, 0x96, 0xA6, 0xAA, 0xFF, 0xA8, 0x8D, 0x80, 0xFF,
  0xC2, 0x87, 0x6D, 0xFF, 0x4C, 0x19, 0x0D, 0xFF, 0x71, 0x6F, 0x6F, 0xFF, 0xA2, 0xB2, 0xB5, 0xFF,
  0x8C, 0x9E, 0xA1, 0xFF, 0x6A, 0x4D, 0x44, 0xFF, 0x90, 0x47, 0x31, 0xFF, 0x59, 0x26, 0x16, 0xFF,
  0x6A, 0x69, 0x6B, 0xFF, 0x8A, 0x96, 0x9A, 0xFF, 0x86, 0x95, 0x9B, 0xFF, 0x6E, 0x50, 0x46, 0xFF,
  0x97, 0x50, 0x37, 0xFF, 0x55, 0x23, 0x15, 0xFF, 0x82, 0x88, 0x89, 0xFF, 0x7B, 0x76, 0x75, 0xFF,
  0x78, 0x34, 0x21, 0xFF, 0x69, 0x2E, 0x1D, 0xFF, 0x75, 0x76, 0x76, 0xFF, 0x9C, 0xAC, 0xAF, 0xFF,
  0x98, 0xA6, 0xA9, 0xFF, 0x93, 0xA6, 0xAA, 0xFF, 0x82, 0x54, 0x48, 0xFF, 0x8E, 0x40, 0x28, 0xFF,
  0x65, 0x43, 0x37, 0xFF, 0xA0, 0xB2, 0xB7, 0xFF, 0xA6, 0xB3, 0xB6, 0xFF, 0xA4, 0xB8, 0xBE, 0xFF,
  0x83, 0x65, 0x5A, 0xFF, 0x92, 0x45, 0x29, 0xFF, 0x89, 0x4A, 0x34, 0xFF, 0x58, 0x1F, 0x0E, 0xFF,
  0x79, 0x70, 0x6E, 0xFF, 0xA9, 0xBC, 0xC2, 0xFF, 0xA1, 0xAF, 0xB3, 0xFF, 0xA2, 0xB1, 0xB6, 0xFF,
  0xA2, 0xB1, 0xB8, 0xFF, 0xA4, 0xB4, 0xB9, 0xFF, 0x99, 0xA9, 0xAD, 0xFF, 0x6F, 0x42, 0x35, 0xFF,
  0x80, 0x39, 0x25, 0xFF, 0x65, 0x40, 0x36, 0xFF, 0x95, 0xA6, 0xAA, 0xFF, 0x74, 0x94, 0x96, 0xFF,
  0x54, 0x84, 0x82, 0xFF, 0x60, 0x95, 0x92, 0xFF, 0x66, 0x98, 0x97, 0xFF, 0x66, 0x98, 0x97, 0xFF,
  0x34, 0x4A, 0x4C, 0xFF, 0x0C, 0x05, 0x07, 0xFF, 0x12, 0x0F, 0x11, 0xFF, 0x11, 0x0D, 0x0F, 0xFF,
  0x11, 0x0D, 0x0F, 0xFF, 0x13, 0x0E, 0x10, 0xFF, 0x08, 0x07, 0x0A, 0xFF, 0x5B, 0x44, 0x3E, 0xFF,
  0xAE, 0x63, 0x4A, 0xFF, 0xAC, 0x59, 0x40, 0xFF, 0x94, 0x8D, 0x8D, 0xFF, 0x8F, 0x9E, 0xA1, 0xFF,
  0x94, 0xA0, 0xA1, 0xFF, 0x9B, 0xA6, 0xA9, 0xFF, 0x93, 0xA2, 0xA7, 0xFF, 0x9C, 0x78, 0x6A, 0xFF,
  0xB3, 0x71, 0x56, 0xFF, 0x51, 0x22, 0x15, 0xFF, 0x8D, 0x95, 0x97, 0xFF, 0xA7, 0xB6, 0xB9, 0xFF,
  0xA2, 0xB5, 0xB8, 0xFF, 0x6E, 0x53, 0x49, 0xFF, 0x76, 0x33, 0x20, 0xFF, 0x53, 0x27, 0x19, 0xFF,
  0x7D, 0x86, 0x88, 0xFF, 0x98, 0xA5, 0xA9, 0xFF, 0x96, 0xA6, 0xAB, 0xFF, 0x70, 0x53, 0x4A, 0xFF,
  0x95, 0x4D, 0x36, 0xFF, 0x58, 0x26, 0x18, 0xFF, 0x84, 0x8A, 0x8C, 0xFF, 0x8C, 0x8F, 0x8F, 0xFF,
  0x71, 0x32, 0x20, 0xFF, 0x81, 0x3A, 0x25, 0xFF, 0x6A, 0x4C, 0x42, 0xFF, 0x9F, 0xB1, 0xB5, 0xFF,
  0xA1, 0xAE, 0xB1, 0xFF, 0x96, 0xA7, 0xAB, 0xFF, 0x81, 0x54, 0x48, 0xFF, 0x8A, 0x3B, 0x22, 0xFF,
  0x68, 0x45, 0x38, 0xFF, 0xA0, 0xB3, 0xB7, 0xFF, 0xA5, 0xB2, 0xB6, 0xFF, 0xA4, 0xB8, 0xBE, 0xFF,
  0x81, 0x64, 0x58, 0xFF, 0x93, 0x46, 0x2A, 0xFF, 0x8A, 0x47, 0x31, 0xFF, 0x5E, 0x20, 0x0E, 0xFF,
  0x7A, 0x70, 0x6E, 0xFF, 0xA8, 0xBB, 0xC0, 0xFF, 0xA1, 0xAF, 0xB1, 0xFF, 0xA1, 0xB1, 0xB4, 0xFF,
  0xA2, 0xB2, 0xB5, 0xFF, 0xA3, 0xB1, 0xB4, 0xFF, 0x9C, 0xAF, 0xB3, 0xFF, 0x85, 0x61, 0x54, 0xFF,
  0x93, 0x47, 0x2D, 0xFF, 0x61, 0x41, 0x36, 0xFF, 0x83, 0xA7, 0xAA, 0xFF, 0x78, 0xA0, 0xA1, 0xFF,
  0x7E, 0xA1, 0xA2, 0xFF, 0x64, 0x8B, 0x8C, 0xFF, 0x34, 0x5E, 0x5F, 0xFF, 0x2E, 0x58, 0x59, 0xFF,
  0x1D, 0x2F, 0x31, 0xFF, 0x10, 0x0A, 0x0C, 0xFF, 0x11, 0x0E, 0x10, 0xFF, 0x11, 0x0D, 0x0F, 0xFF,
  0x11, 0x0D, 0x0F, 0xFF, 0x13, 0x0F, 0x11, 0xFF, 0x0A, 0x05, 0x07, 0xFF, 0x54, 0x58, 0x59, 0xFF,
  0x8B, 0x73, 0x6D, 0xFF, 0x8E, 0x81, 0x7E, 0xFF, 0x8B, 0x99, 0x9D, 0xFF, 0x8F, 0x9B, 0x9D, 0xFF,
  0x98, 0xA3, 0xA5, 0xFF, 0x9B, 0xA6, 0xA8, 0xFF, 0x96, 0xA6, 0xAB, 0xFF, 0x87, 0x66, 0x5B, 0xFF,
  0xA6, 0x5C, 0x43, 0xFF, 0x58, 0x2B, 0x1E, 0xFF, 0x93, 0x9F, 0xA0, 0xFF, 0xA4, 0xB4, 0xB7, 0xFF,
  0xA4, 0xB8, 0xBC, 0xFF, 0x70, 0x5B, 0x53, 0xFF, 0x79, 0x34, 0x20, 0xFF, 0x57, 0x2A, 0x1D, 0xFF,
  0x8C, 0x98, 0x99, 0xFF, 0xA8, 0xB7, 0xBB, 0xFF, 0xA1, 0xB4, 0xB9, 0xFF, 0x7C, 0x5F, 0x54, 0xFF,
  0x93, 0x49, 0x32, 0xFF, 0x58, 0x26, 0x17, 0xFF, 0x86, 0x8A, 0x8B, 0xFF, 0xA0, 0xB2, 0xB6, 0xFF,
  0x5B, 0x33, 0x28, 0xFF, 0x92, 0x47, 0x30, 0xFF, 0x8B, 0x43, 0x2E, 0xFF, 0x7D, 0x75, 0x72, 0xFF,
  0xAB, 0xBF, 0xC4, 0xFF, 0x9A, 0xAE, 0xB1, 0xFF, 0x78, 0x52, 0x48, 0xFF, 0x96, 0x44, 0x2C, 0xFF,
  0x6F, 0x48, 0x3C, 0xFF, 0x9F, 0xB2, 0xB6, 0xFF, 0xA6, 0xB3, 0xB6, 0xFF, 0xA4, 0xB8, 0xBD, 0xFF,
  0x83, 0x66, 0x5B, 0xFF, 0x9A, 0x4D, 0x30, 0xFF, 0x9A, 0x4F, 0x35, 0xFF, 0x79, 0x2F, 0x17, 0xFF,
  0x7E, 0x73, 0x6D, 0xFF, 0xA7, 0xBB, 0xBE, 0xFF, 0xA2, 0xAF, 0xB3, 0xFF, 0xA2, 0xB1, 0xB5, 0xFF,
  0xA1, 0xB1, 0xB3, 0xFF, 0xA2, 0xB0, 0xB4, 0xFF, 0x99, 0xAB, 0xB0, 0xFF, 0x93, 0x6B, 0x5B, 0xFF,
  0x8E, 0x43, 0x2A, 0xFF, 0x64, 0x4E, 0x46, 0xFF, 0x92, 0xA9, 0xAF, 0xFF, 0x80, 0x91, 0x96, 0xFF,
  0x7D, 0x8F, 0x94, 0xFF, 0x66, 0x7D, 0x82, 0xFF, 0x4D, 0x67, 0x6C, 0xFF, 0x34, 0x57, 0x59, 0xFF,
  0x1C, 0x30, 0x32, 0xFF, 0x10, 0x09, 0x0B, 0xFF, 0x11, 0x0E, 0x10, 0xFF, 0x11, 0x0D, 0x0F, 0xFF,
  0x11, 0x0D, 0x0F, 0xFF, 0x13, 0x0F, 0x11, 0xFF, 0x09, 0x03, 0x05, 0xFF, 0x5A, 0x61, 0x64, 0xFF,
  0x94, 0xA5, 0xAB, 0xFF, 0x89, 0x98, 0x9E, 0xFF, 0x8B, 0x97, 0x9B, 0xFF, 0x8C, 0x9B, 0x9E, 0xFF,
  0x94, 0xA2, 0xA5, 0xFF, 0x97, 0xA2, 0xA6, 0xFF, 0x9D, 0xAD, 0xB4, 0xFF, 0x80, 0x6F, 0x6A, 0xFF,
  0x9E, 0x56, 0x3C, 0xFF, 0x63, 0x2F, 0x1E, 0xFF, 0x89, 0x91, 0x91, 0xFF, 0xA7, 0xB6, 0xBB, 0xFF,
  0xA7, 0xBB, 0xBF, 0xFF, 0x78, 0x72, 0x6D, 0xFF, 0x77, 0x32, 0x1F, 0xFF, 0x6B, 0x31, 0x20, 0xFF,
  0x87, 0x8E, 0x8F, 0xFF, 0xAB, 0xBC, 0xBE, 0xFF, 0xA2, 0xB6, 0xBC, 0xFF, 0x74, 0x57, 0x4F, 0xFF,
  0x96, 0x4C, 0x34, 0xFF, 0x5D, 0x29, 0x1A, 0xFF, 0x87, 0x8A, 0x88, 0xFF, 0xAF, 0xC7, 0xCB, 0xFF,
  0x77, 0x6F, 0x6C, 0xFF, 0x64, 0x25, 0x14, 0xFF, 0xAA, 0x5A, 0x45, 0xFF, 0x93, 0x53, 0x3F, 0xFF,
  0x88, 0x8C, 0x8B, 0xFF, 0x95, 0x95, 0x91, 0xFF, 0x94, 0x66, 0x55, 0xFF, 0x83, 0x3E, 0x29, 0xFF,
  0x73, 0x4A, 0x3E, 0xFF, 0x9F, 0xB2, 0xB6, 0xFF, 0xA5, 0xB3, 0xB6, 0xFF, 0xA0, 0xB4, 0xBA, 0xFF,
  0x83, 0x67, 0x5A, 0xFF, 0xA0, 0x55, 0x38, 0xFF, 0xA3, 0x55, 0x3B, 0xFF, 0x8E, 0x3A, 0x1E, 0xFF,
  0x80, 0x74, 0x6C, 0xFF, 0xA7, 0xBA, 0xC0, 0xFF, 0xA1, 0xAE, 0xB3, 0xFF, 0x9F, 0xAF, 0xB3, 0xFF,
  0x9D, 0xAD, 0xB0, 0xFF, 0xA2, 0xB1, 0xB5, 0xFF, 0x90, 0x9C, 0x9F, 0xFF, 0xA5, 0x6F, 0x5A, 0xFF,
  0x7C, 0x3B, 0x24, 0xFF, 0x6F, 0x6B, 0x69, 0xFF, 0x92, 0xA5, 0xA7, 0xFF, 0x73, 0x89, 0x8C, 0xFF,
  0x65, 0x81, 0x84, 0xFF, 0x5E, 0x7F, 0x82, 0xFF, 0x64, 0x8C, 0x8C, 0xFF, 0x47, 0x78, 0x75, 0xFF,
  0x24, 0x3D, 0x3C, 0xFF, 0x0F, 0x08, 0x0A, 0xFF, 0x12, 0x0E, 0x10, 0xFF, 0x11, 0x0D, 0x0F, 0xFF,
  0x11, 0x0D, 0x0F, 0xFF, 0x13, 0x0F, 0x11, 0xFF, 0x08, 0x03, 0x05, 0xFF, 0x5B, 0x61, 0x64, 0xFF,
  0x96, 0xA2, 0xA7, 0xFF, 0x8F, 0x9A, 0x9D, 0xFF, 0x92, 0x9E, 0x9F, 0xFF, 0x8F, 0x9E, 0xA1, 0xFF,
  0x93, 0xA1, 0xA5, 0xFF, 0x98, 0xA3, 0xA7, 0xFF, 0x9F, 0xAF, 0xB3, 0xFF, 0x8B, 0x93, 0x94, 0xFF,
  0x87, 0x49, 0x35, 0xFF, 0x7E, 0x36, 0x20, 0xFF, 0x72, 0x65, 0x5F, 0xFF, 0xA6, 0xBA, 0xBF, 0xFF,
  0xA6, 0xB5, 0xB9, 0xFF, 0x8C, 0x97, 0x98, 0xFF, 0x73, 0x37, 0x25, 0xFF, 0x79, 0x33, 0x1E, 0xFF,
  0x7B, 0x75, 0x73, 0xFF, 0xAC, 0xBE, 0xC2, 0xFF, 0xA2, 0xB5, 0xBB, 0xFF, 0x76, 0x58, 0x4F, 0xFF,
  0x98, 0x4E, 0x35, 0xFF, 0x5C, 0x29, 0x19, 0xFF, 0x87, 0x8B, 0x8A, 0xFF, 0xAC, 0xBF, 0xC3, 0xFF,
  0x89, 0x9A, 0x9E, 0xFF, 0x5B, 0x48, 0x42, 0xFF, 0x6F, 0x2D, 0x1B, 0xFF, 0xAA, 0x5E, 0x45, 0xFF,
  0xC1, 0x84, 0x6B, 0xFF, 0x91, 0x63, 0x52, 0xFF, 0x32, 0x18, 0x11, 0xFF, 0x6F, 0x2F, 0x1D, 0xFF,
  0x75, 0x4C, 0x3F, 0xFF, 0x9C, 0xAF, 0xB3, 0xFF, 0xA0, 0xAF, 0xB1, 0xFF, 0x9E, 0xB3, 0xB7, 0xFF,
  0x81, 0x65, 0x5B, 0xFF, 0x96, 0x4C, 0x30, 0xFF, 0xA3, 0x55, 0x39, 0xFF, 0x96, 0x40, 0x24, 0xFF,
  0x81, 0x73, 0x6D, 0xFF, 0xA3, 0xB7, 0xBB, 0xFF, 0x9B, 0xA9, 0xAC, 0xFF, 0x9B, 0xA9, 0xAD, 0xFF,
  0x9A, 0xA8, 0xAB, 0xFF, 0x9D, 0xB0, 0xB5, 0xFF, 0x8A, 0x81, 0x7A, 0xFF, 0xAC, 0x69, 0x4E, 0xFF,
  0x5D, 0x32, 0x26, 0xFF, 0x8C, 0x9E, 0xA0, 0xFF, 0x91, 0xAA, 0xAD, 0xFF, 0x89, 0x9E, 0xA3, 0xFF,
  0x83, 0x98, 0x9D, 0xFF, 0x6E, 0x86, 0x8D, 0xFF, 0x46, 0x63, 0x68, 0xFF, 0x37, 0x53, 0x58, 0xFF,
  0x29, 0x36, 0x3A, 0xFF, 0x0E, 0x08, 0x0A, 0xFF, 0x12, 0x0E, 0x10, 0xFF, 0x11, 0x0D, 0x0F, 0xFF,
  0x11, 0x0D, 0x0F, 0xFF, 0x13, 0x0F, 0x11, 0xFF, 0x08, 0x03, 0x05, 0xFF, 0x5B, 0x61, 0x64, 0xFF,
  0x97, 0xA4, 0xA8, 0xFF, 0x90, 0x9C, 0x9F, 0xFF, 0x96, 0xA2, 0xA5, 0xFF, 0x98, 0xA7, 0xAB, 0xFF,
  0x9B, 0xA9, 0xAD, 0xFF, 0x9E, 0xAB, 0xAF, 0xFF, 0x9E, 0xAD, 0xAF, 0xFF, 0xA2, 0xB5, 0xB9, 0xFF,
  0x70, 0x5A, 0x54, 0xFF, 0x7D, 0x32, 0x1F, 0xFF, 0x6F, 0x3A, 0x2A, 0xFF, 0x8B, 0x94, 0x96, 0xFF,
  0xA8, 0xB8, 0xBC, 0xFF, 0xA2, 0xB4, 0xB8, 0xFF, 0x75, 0x5B, 0x52, 0xFF, 0x89, 0x38, 0x20, 0xFF,
  0x77, 0x5B, 0x54, 0xFF, 0xA3, 0xB7, 0xBC, 0xFF, 0xA4, 0xB6, 0xBB, 0xFF, 0x7A, 0x5B, 0x52, 0xFF,
  0x96, 0x4A, 0x32, 0xFF, 0x5A, 0x28, 0x19, 0xFF, 0x8A, 0x8D, 0x8E, 0xFF, 0xAA, 0xBB, 0xBF, 0xFF,
  0xA5, 0xB3, 0xB7, 0xFF, 0xA1, 0xB2, 0xB5, 0xFF, 0x63, 0x4E, 0x46, 0xFF, 0x5C, 0x1F, 0x0E, 0xFF,
  0x6F, 0x36, 0x24, 0xFF, 0x62, 0x53, 0x4E, 0xFF, 0x41, 0x2B, 0x25, 0xFF, 0x89, 0x3C, 0x26, 0xFF,
  0x7B, 0x50, 0x41, 0xFF, 0x9C, 0xB1, 0xB5, 0xFF, 0xA3, 0xB1, 0xB4, 0xFF, 0xA1, 0xB5, 0xBA, 0xFF,
  0x87, 0x69, 0x5E, 0xFF, 0xA8, 0x5B, 0x3E, 0xFF, 0xA7, 0x58, 0x3D, 0xFF, 0x98, 0x41, 0x24, 0xFF,
  0x82, 0x71, 0x6A, 0xFF, 0x9F, 0xB2, 0xB7, 0xFF, 0x94, 0xA2, 0xA6, 0xFF, 0x94, 0xA1, 0xA4, 0xFF,
  0x98, 0xA9, 0xAD, 0xFF, 0x83, 0x8C, 0x8D, 0xFF, 0xA2, 0x70, 0x5A, 0xFF, 0x68, 0x2B, 0x1A, 0xFF,
  0x73, 0x6E, 0x6C, 0xFF, 0x9F, 0xB2, 0xB6, 0xFF, 0x80, 0x9B, 0x9F, 0xFF, 0x6E, 0x98, 0x99, 0xFF,
  0x77, 0xA2, 0xA3, 0xFF, 0x80, 0xA8, 0xA9, 0xFF, 0x6E, 0x97, 0x98, 0xFF, 0x66, 0x8D, 0x90, 0xFF,
  0x46, 0x52, 0x56, 0xFF, 0x0B, 0x06, 0x07, 0xFF, 0x12, 0x0F, 0x11, 0xFF, 0x11, 0x0D, 0x0F, 0xFF,
  0x11, 0x0D, 0x0F, 0xFF, 0x13, 0x0F, 0x11, 0xFF, 0x08, 0x03, 0x05, 0xFF, 0x5D, 0x63, 0x65, 0xFF,
  0x9C, 0xA9, 0xAA, 0xFF, 0x94, 0xA0, 0xA1, 0xFF, 0x99, 0xA5, 0xA8, 0xFF, 0x9C, 0xA9, 0xAD, 0xFF,
  0x9C, 0xAB, 0xAE, 0xFF, 0x9D, 0xAC, 0xAF, 0xFF, 0x9E, 0xAD, 0xB0, 0xFF, 0xA3, 0xB2, 0xB5, 0xFF,
  0x97, 0xA6, 0xA9, 0xFF, 0x65, 0x3B, 0x33, 0xFF, 0x79, 0x30, 0x1D, 0xFF, 0x76, 0x4E, 0x42, 0xFF,
  0x95, 0xA3, 0xA7, 0xFF, 0xAB, 0xBD, 0xC0, 0xFF, 0x8E, 0x9A, 0x9B, 0xFF, 0x74, 0x3B, 0x2A, 0xFF,
  0x81, 0x44, 0x33, 0xFF, 0x97, 0xA3, 0xA6, 0xFF, 0xA0, 0xB6, 0xBC, 0xFF, 0x7D, 0x59, 0x4C, 0xFF,
  0xB2, 0x65, 0x4A, 0xFF, 0x5A, 0x23, 0x15, 0xFF, 0x87, 0x89, 0x88, 0xFF, 0xAD, 0xBF, 0xC3, 0xFF,
  0xA3, 0xB0, 0xB4, 0xFF, 0xA8, 0xB9, 0xBD, 0xFF, 0xA7, 0xBA, 0xBE, 0xFF, 0x63, 0x58, 0x54, 0xFF,
  0x68, 0x62, 0x60, 0xFF, 0xAE, 0xC2, 0xC7, 0xFF, 0x71, 0x67, 0x65, 0xFF, 0x6D, 0x2A, 0x18, 0xFF,
  0x9B, 0x51, 0x3A, 0xFF, 0x8B, 0x87, 0x84, 0xFF, 0xA6, 0xB8, 0xBB, 0xFF, 0xA4, 0xB8, 0xBD, 0xFF,
  0x7E, 0x62, 0x57, 0xFF, 0xB1, 0x64, 0x46, 0xFF, 0x64, 0x30, 0x21, 0xFF, 0x57, 0x1E, 0x0E, 0xFF,
  0x7A, 0x73, 0x70, 0xFF, 0xA0, 0xB7, 0xBC, 0xFF, 0x98, 0xA7, 0xAA, 0xFF, 0x97, 0xA7, 0xAB, 0xFF,
  0x82, 0x8F, 0x93, 0xFF, 0xAA, 0x86, 0x76, 0xFF, 0x87, 0x45, 0x2F, 0xFF, 0x4C, 0x3B, 0x37, 0xFF,
  0x9E, 0xB1, 0xB4, 0xFF, 0x9C, 0xAA, 0xAE, 0xFF, 0x99, 0xA6, 0xA9, 0xFF, 0x86, 0x9B, 0xA0, 0xFF,
  0x61, 0x8A, 0x8C, 0xFF, 0x51, 0x80, 0x7F, 0xFF, 0x3F, 0x6B, 0x69, 0xFF, 0x38, 0x65, 0x67, 0xFF,
  0x2A, 0x41, 0x44, 0xFF, 0x0F, 0x08, 0x09, 0xFF, 0x11, 0x0E, 0x10, 0xFF, 0x11, 0x0D, 0x0F, 0xFF,
  0x11, 0x0D, 0x0F, 0xFF, 0x13, 0x0F, 0x11, 0xFF, 0x08, 0x03, 0x05, 0xFF, 0x61, 0x66, 0x68, 0xFF,
  0x9F, 0xAC, 0xAE, 0xFF, 0x95, 0xA1, 0xA3, 0xFF, 0x9A, 0xA6, 0xA9, 0xFF, 0x9D, 0xA9, 0xAD, 0xFF,
  0x9C, 0xAA, 0xAE, 0xFF, 0x9C, 0xAC, 0xAF, 0xFF, 0x9D, 0xAC, 0xAF, 0xFF, 0x9D, 0xAB, 0xAE, 0xFF,
  0xA3, 0xB4, 0xB7, 0xFF, 0x87, 0x8F, 0x91, 0xFF, 0x5F, 0x30, 0x25, 0xFF, 0x88, 0x3E, 0x28, 0xFF,
  0x7D, 0x57, 0x4A, 0xFF, 0x93, 0xA1, 0xA4, 0xFF, 0xAB, 0xC2, 0xC6, 0xFF, 0x7C, 0x79, 0x78, 0xFF,
  0x82, 0x3A, 0x26, 0xFF, 0x78, 0x5F, 0x58, 0xFF, 0x98, 0x8F, 0x88, 0xFF, 0xDA, 0xA1, 0x84, 0xFF,
  0x8F, 0x5A, 0x45, 0xFF, 0x39, 0x1D, 0x18, 0xFF, 0xA0, 0xAB, 0xAE, 0xFF, 0xAA, 0xBA, 0xBD, 0xFF,
  0xAB, 0xBD, 0xC1, 0xFF, 0x90, 0x94, 0x94, 0xFF, 0x8C, 0x8C, 0x8B, 0xFF, 0xAF, 0xC3, 0xC8, 0xFF,
  0xAD, 0xBE, 0xC0, 0xFF, 0xA9, 0xB8, 0xBA, 0xFF, 0xA7, 0xBB, 0xBE, 0xFF, 0x67, 0x52, 0x4E, 0xFF,
  0x8F, 0x40, 0x29, 0xFF, 0x89, 0x51, 0x3F, 0xFF, 0x99, 0xAC, 0xB1, 0xFF, 0x95, 0xA5, 0xA9, 0xFF,
  0x9B, 0x78, 0x67, 0xFF, 0xA6, 0x5A, 0x40, 0xFF, 0x57, 0x22, 0x13, 0xFF, 0x47, 0x23, 0x19, 0xFF,
  0x91, 0x7C, 0x70, 0xFF, 0x8F, 0x8E, 0x8A, 0xFF, 0x85, 0x90, 0x92, 0xFF, 0x7C, 0x85, 0x86, 0xFF,
  0x9F, 0x77, 0x67, 0xFF, 0x94, 0x57, 0x42, 0xFF, 0x48, 0x2B, 0x26, 0xFF, 0x94, 0xA3, 0xA7, 0xFF,
  0x99, 0xA9, 0xAB, 0xFF, 0x95, 0xA3, 0xA5, 0xFF, 0x94, 0xA3, 0xA4, 0xFF, 0x9A, 0xA7, 0xAA, 0xFF,
  0x98, 0xA4, 0xA8, 0xFF, 0x89, 0x9A, 0x9B, 0xFF, 0x7A, 0x8B, 0x8E, 0xFF, 0x51, 0x6C, 0x6E, 0xFF,
  0x1F, 0x2F, 0x30, 0xFF, 0x10, 0x09, 0x0B, 0xFF, 0x11, 0x0E, 0x10, 0xFF, 0x11, 0x0D, 0x0F, 0xFF,
  0x11, 0x0D, 0x0F, 0xFF, 0x13, 0x0F, 0x11, 0xFF, 0x08, 0x03, 0x05, 0xFF, 0x5F, 0x65, 0x67, 0xFF,
  0x9E, 0xAB, 0xAD, 0xFF, 0x99, 0xA4, 0xA6, 0xFF, 0x82, 0x8F, 0x93, 0xFF, 0x84, 0x93, 0x97, 0xFF,
  0x9D, 0xAD, 0xB0, 0xFF, 0x9A, 0xAA, 0xAD, 0xFF, 0x9C, 0xAB, 0xAE, 0xFF, 0x9A, 0xA9, 0xAD, 0xFF,
  0x9A, 0xA9, 0xAB, 0xFF, 0xA3, 0xB5, 0xB8, 0xFF, 0x83, 0x87, 0x87, 0xFF, 0x61, 0x2F, 0x22, 0xFF,
  0x89, 0x42, 0x2C, 0xFF, 0x7D, 0x54, 0x47, 0xFF, 0x90, 0x92, 0x93, 0xFF, 0x98, 0x9A, 0x98, 0xFF,
  0xA0, 0x6B, 0x55, 0xFF, 0xA3, 0x63, 0x4B, 0xFF, 0xC1, 0x8A, 0x70, 0xFF, 0xB2, 0x83, 0x6D, 0xFF,
  0x70, 0x39, 0x29, 0xFF, 0x74, 0x47, 0x39, 0xFF, 0x90, 0x95, 0x97, 0xFF, 0xAD, 0xC0, 0xC4, 0xFF,
  0xA4, 0xB8, 0xBA, 0xFF, 0x84, 0x63, 0x57, 0xFF, 0x71, 0x50, 0x47, 0xFF, 0xA8, 0xBD, 0xC2, 0xFF,
  0xAA, 0xB9, 0xB9, 0xFF, 0xA8, 0xB6, 0xB8, 0xFF, 0xAF, 0xC2, 0xC5, 0xFF, 0x90, 0x99, 0x99, 0xFF,
  0x8F, 0x4A, 0x35, 0xFF, 0x72, 0x46, 0x39, 0xFF, 0x8B, 0x93, 0x95, 0xFF, 0xB0, 0x89, 0x77, 0xFF,
  0xC2, 0x90, 0x78, 0xFF, 0x75, 0x40, 0x31, 0xFF, 0x74, 0x3A, 0x28, 0xFF, 0xA2, 0x64, 0x4E, 0xFF,
  0xDB, 0x9C, 0x7D, 0xFF, 0xD3, 0x9B, 0x7C, 0xFF, 0xC8, 0xA8, 0x92, 0xFF, 0xBE, 0x93, 0x7C, 0xFF,
  0x7C, 0x42, 0x2E, 0xFF, 0x3C, 0x23, 0x1D, 0xFF, 0x8E, 0x99, 0x9E, 0xFF, 0x9D, 0xAD, 0xB0, 0xFF,
  0x93, 0xA1, 0xA3, 0xFF, 0x8F, 0x9E, 0x9E, 0xFF, 0x8F, 0x9E, 0x9F, 0xFF, 0x8F, 0x9F, 0xA0, 0xFF,
  0x91, 0x9D, 0x9F, 0xFF, 0x95, 0xA0, 0xA2, 0xFF, 0x96, 0xA0, 0xA3, 0xFF, 0x9B, 0xA8, 0xAB, 0xFF,
  0x55, 0x5C, 0x5F, 0xFF, 0x09, 0x04, 0x06, 0xFF, 0x13, 0x0F, 0x11, 0xFF, 0x11, 0x0D, 0x0F, 0xFF,
  0x11, 0x0D, 0x0F, 0xFF, 0x13, 0x0F, 0x11, 0xFF, 0x08, 0x03, 0x05, 0xFF, 0x5B, 0x61, 0x63, 0xFF,
  0x97, 0xA4, 0xA6, 0xFF, 0x95, 0xA1, 0xA2, 0xFF, 0x75, 0x82, 0x85, 0xFF, 0x7D, 0x8B, 0x8F, 0xFF,
  0x9C, 0xAC, 0xAE, 0xFF, 0x91, 0xA1, 0xA4, 0xFF, 0x7B, 0x89, 0x8E, 0xFF, 0x97, 0xA6, 0xAA, 0xFF,
  0x98, 0xA8, 0xAB, 0xFF, 0x97, 0xA5, 0xA8, 0xFF, 0xA0, 0xB3, 0xB7, 0xFF, 0x7E, 0x83, 0x82, 0xFF,
  0x56, 0x2B, 0x1F, 0xFF, 0x7D, 0x3D, 0x29, 0xFF, 0xA8, 0x70, 0x59, 0xFF, 0xEE, 0xCF, 0xBA, 0xFF,
  0xB2, 0x87, 0x72, 0xFF, 0x59, 0x2A, 0x1D, 0xFF, 0x2E, 0x09, 0x00, 0xFF, 0x21, 0x00, 0x00, 0xFF,
  0x51, 0x1D, 0x0F, 0xFF, 0x78, 0x36, 0x22, 0xFF, 0x80, 0x45, 0x33, 0xFF, 0x99, 0x9B, 0x9A, 0xFF,
  0x8A, 0x92, 0x91, 0xFF, 0x7F, 0x40, 0x2D, 0xFF, 0x6F, 0x38, 0x28, 0xFF, 0x88, 0x8A, 0x89, 0xFF,
  0xA4, 0xBC, 0xBE, 0xFF, 0xA2, 0xB7, 0xB9, 0xFF, 0x9D, 0xB2, 0xB5, 0xFF, 0xA4, 0x8D, 0x82, 0xFF,
  0x80, 0x44, 0x31, 0xFF, 0x51, 0x3E, 0x39, 0xFF, 0x8A, 0x5E, 0x4E, 0xFF, 0x65, 0x31, 0x20, 0xFF,
  0x36, 0x19, 0x12, 0xFF, 0x32, 0x1C, 0x19, 0xFF, 0x2B, 0x11, 0x0C, 0xFF, 0x2C, 0x08, 0x00, 0xFF,
  0x5A, 0x29, 0x19, 0xFF, 0xA4, 0x6B, 0x54, 0xFF, 0xB8, 0x90, 0x7A, 0xFF, 0x61, 0x32, 0x25, 0xFF,
  0x3B, 0x29, 0x26, 0xFF, 0x8F, 0x9E, 0xA1, 0xFF, 0x9E, 0xAF, 0xB2, 0xFF, 0x99, 0xA8, 0xAB, 0xFF,
  0x95, 0xA5, 0xA8, 0xFF, 0x92, 0xA0, 0xA2, 0xFF, 0x90, 0x9E, 0xA0, 0xFF, 0x8E, 0x9D, 0x9E, 0xFF,
  0x8F, 0x9B, 0x9D, 0xFF, 0x8C, 0x98, 0x9B, 0xFF, 0x89, 0x95, 0x97, 0xFF, 0x8F, 0x9D, 0x9E, 0xFF,
  0x57, 0x5C, 0x5F, 0xFF, 0x09, 0x04, 0x06, 0xFF, 0x13, 0x0F, 0x11, 0xFF, 0x11, 0x0D, 0x0F, 0xFF,
  0x11, 0x0D, 0x0F, 0xFF, 0x13, 0x0F, 0x11, 0xFF, 0x09, 0x04, 0x06, 0xFF, 0x58, 0x5D, 0x61, 0xFF,
  0x92, 0x9E, 0xA2, 0xFF, 0x89, 0x97, 0x99, 0xFF, 0x89, 0x98, 0x9B, 0xFF, 0x90, 0x9F, 0xA1, 0xFF,
  0x96, 0xA4, 0xA6, 0xFF, 0x91, 0xA0, 0xA3, 0xFF, 0x88, 0x97, 0x9C, 0xFF, 0x99, 0xA8, 0xAC, 0xFF,
  0x9A, 0xA9, 0xAD, 0xFF, 0x99, 0xA8, 0xAB, 0xFF, 0x97, 0xA6, 0xA9, 0xFF, 0xA2, 0xB5, 0xB8, 0xFF,
  0x8A, 0x93, 0x96, 0xFF, 0x4B, 0x2D, 0x25, 0xFF, 0x67, 0x31, 0x20, 0xFF, 0x72, 0x4C, 0x3E, 0xFF,
  0x2A, 0x04, 0x00, 0xFF, 0x37, 0x22, 0x1F, 0xFF, 0x66, 0x64, 0x63, 0xFF, 0x7A, 0x7A, 0x7A, 0xFF,
  0x6B, 0x68, 0x67, 0xFF, 0x50, 0x45, 0x43, 0xFF, 0x54, 0x2A, 0x1E, 0xFF, 0x60, 0x2C, 0x1D, 0xFF,
  0x81, 0x7C, 0x7A, 0xFF, 0x52, 0x34, 0x2D, 0xFF, 0x5B, 0x21, 0x11, 0xFF, 0x87, 0x4F, 0x3F, 0xFF,
  0x9D, 0x82, 0x77, 0xFF, 0xA2, 0x8D, 0x80, 0xFF, 0x9E, 0x76, 0x66, 0xFF, 0x7D, 0x47, 0x37, 0xFF,
  0x3A, 0x1E, 0x16, 0xFF, 0x62, 0x3F, 0x34, 0xFF, 0x5A, 0x44, 0x3F, 0xFF, 0x72, 0x77, 0x78, 0xFF,
  0x96, 0xA3, 0xA7, 0xFF, 0x9D, 0xAC, 0xAF, 0xFF, 0x91, 0x9B, 0x9E, 0xFF, 0x6D, 0x6C, 0x6C, 0xFF,
  0x3F, 0x21, 0x1B, 0xFF, 0x34, 0x06, 0x00, 0xFF, 0x21, 0x00, 0x00, 0xFF, 0x48, 0x40, 0x40, 0xFF,
  0x9B, 0xA9, 0xAE, 0xFF, 0x9E, 0xAD, 0xB0, 0xFF, 0x98, 0xA7, 0xA9, 0xFF, 0x96, 0xA5, 0xA7, 0xFF,
  0x91, 0x9F, 0xA0, 0xFF, 0x90, 0x9C, 0x9E, 0xFF, 0x8F, 0x9A, 0x9C, 0xFF, 0x90, 0x9C, 0x9E, 0xFF,
  0x91, 0x9D, 0x9F, 0xFF, 0x8F, 0x9B, 0x9D, 0xFF, 0x8A, 0x96, 0x99, 0xFF, 0x90, 0x9D, 0xA0, 0xFF,
  0x56, 0x5C, 0x5F, 0xFF, 0x09, 0x04, 0x06, 0xFF, 0x13, 0x0F, 0x11, 0xFF, 0x11, 0x0D, 0x0F, 0xFF,
  0x11, 0x0D, 0x0F, 0xFF, 0x13, 0x0F, 0x11, 0xFF, 0x09, 0x04, 0x06, 0xFF, 0x57, 0x5D, 0x60, 0xFF,
  0x8D, 0x9C, 0xA0, 0xFF, 0x84, 0x93, 0x96, 0xFF, 0x8C, 0x9B, 0x9E, 0xFF, 0x8B, 0x9A, 0x9D, 0xFF,
  0x90, 0x9E, 0xA2, 0xFF, 0x94, 0xA3, 0xA6, 0xFF, 0x96, 0xA5, 0xA8, 0xFF, 0x94, 0xA3, 0xA7, 0xFF,
  0x98, 0xA7, 0xAA, 0xFF, 0x9A, 0xAA, 0xAD, 0xFF, 0x9E, 0xAD, 0xB0, 0xFF, 0x9F, 0xAD, 0xAF, 0xFF,
  0xA7, 0xB7, 0xBB, 0xFF, 0x99, 0xA6, 0xAA, 0xFF, 0x55, 0x40, 0x3B, 0xFF, 0x27, 0x00, 0x00, 0xFF,
  0x62, 0x58, 0x55, 0xFF, 0xA5, 0xB4, 0xB7, 0xFF, 0xAC, 0xBE, 0xC2, 0xFF, 0xAB, 0xBC, 0xC0, 0xFF,
  0xAB, 0xBD, 0xC1, 0xFF, 0xAA, 0xBB, 0xBE, 0xFF, 0x91, 0xA0, 0xA3, 0xFF, 0x6B, 0x5B, 0x56, 0xFF,
  0x59, 0x42, 0x3D, 0xFF, 0x8F, 0x9D, 0xA2, 0xFF, 0x60, 0x58, 0x57, 0xFF, 0x4F, 0x34, 0x2D, 0xFF,
  0x5B, 0x37, 0x2C, 0xFF, 0x5F, 0x3C, 0x31, 0xFF, 0x54, 0x3A, 0x32, 0xFF, 0x64, 0x63, 0x64, 0xFF,
  0x71, 0x72, 0x71, 0xFF, 0x7E, 0x81, 0x80, 0xFF, 0xA3, 0xB6, 0xBA, 0xFF, 0xAA, 0xBC, 0xBF, 0xFF,
  0xA3, 0xB3, 0xB6, 0xFF, 0xA5, 0xB4, 0xB6, 0xFF, 0x96, 0xA6, 0xAA, 0xFF, 0x99, 0xAA, 0xAF, 0xFF,
  0x98, 0xA7, 0xAA, 0xFF, 0x4E, 0x46, 0x43, 0xFF, 0x6D, 0x6E, 0x6E, 0xFF, 0xA6, 0xB8, 0xBB, 0xFF,
  0x9D, 0xAC, 0xAF, 0xFF, 0x9B, 0xA9, 0xAD, 0xFF, 0x9A, 0xA9, 0xAB, 0xFF, 0x95, 0xA3, 0xA4, 0xFF,
  0x94, 0x9F, 0xA2, 0xFF, 0x91, 0x9D, 0x9F, 0xFF, 0x91, 0x9C, 0x9F, 0xFF, 0x93, 0x9F, 0xA1, 0xFF,
  0x96, 0xA2, 0xA4, 0xFF, 0x94, 0xA1, 0xA2, 0xFF, 0x8C, 0x9A, 0x9D, 0xFF, 0x93, 0xA3, 0xA7, 0xFF,
  0x59, 0x60, 0x64, 0xFF, 0x09, 0x03, 0x05, 0xFF, 0x13, 0x0F, 0x11, 0xFF, 0x11, 0x0D, 0x0F, 0xFF,
  0x11, 0x0D, 0x0F, 0xFF, 0x13, 0x0F, 0x11, 0xFF, 0x09, 0x04, 0x06, 0xFF, 0x55, 0x5A, 0x5E, 0xFF,
  0x8A, 0x9A, 0x9D, 0xFF, 0x85, 0x94, 0x97, 0xFF, 0x89, 0x98, 0x9C, 0xFF, 0x89, 0x99, 0x9C, 0xFF,
  0x8D, 0x9A, 0x9E, 0xFF, 0x90, 0x9C, 0xA0, 0xFF, 0x91, 0x9D, 0xA0, 0xFF, 0x93, 0xA2, 0xA4, 0xFF,
  0x94, 0xA3, 0xA6, 0xFF, 0x9A, 0xA9, 0xAC, 0xFF, 0x9D, 0xAC, 0xAF, 0xFF, 0x9F, 0xAE, 0xB1, 0xFF,
  0x9F, 0xAD, 0xB0, 0xFF, 0xA5, 0xB5, 0xB8, 0xFF, 0xA1, 0xB0, 0xB3, 0xFF, 0x83, 0x87, 0x89, 0xFF,
  0xA5, 0xB4, 0xBB, 0xFF, 0xA5, 0xB3, 0xB9, 0xFF, 0xA1, 0xAF, 0xB3, 0xFF, 0xA1, 0xAF, 0xB3, 0xFF,
  0xA0, 0xAD, 0xB0, 0xFF, 0xA0, 0xAE, 0xB1, 0xFF, 0xA6, 0xB5, 0xB8, 0xFF, 0xA6, 0xB8, 0xBC, 0xFF,
  0x8C, 0x97, 0x9B, 0xFF, 0x9F, 0xAE, 0xB1, 0xFF, 0xA8, 0xBB, 0xBF, 0xFF, 0x9D, 0xAE, 0xB2, 0xFF,
  0x90, 0xA0, 0xA4, 0xFF, 0x92, 0xA2, 0xA6, 0xFF, 0x9E, 0xAF, 0xB3, 0xFF, 0xA9, 0xBB, 0xBE, 0xFF,
  0xA4, 0xB6, 0xBA, 0xFF, 0xA5, 0xB6, 0xBA, 0xFF, 0xA0, 0xAF, 0xB1, 0xFF, 0x9E, 0xAC, 0xAF, 0xFF,
  0x9E, 0xAC, 0xAF, 0xFF, 0xA1, 0xB0, 0xB3, 0xFF, 0x97, 0xA5, 0xA8, 0xFF, 0x96, 0xA4, 0xA6, 0xFF,
  0xA2, 0xB1, 0xB4, 0xFF, 0xA1, 0xB4, 0xB7, 0xFF, 0xA3, 0xB4, 0xB7, 0xFF, 0x9D, 0xAC, 0xAF, 0xFF,
  0x9D, 0xAC, 0xAF, 0xFF, 0x9D, 0xAC, 0xAF, 0xFF, 0x99, 0xA9, 0xAA, 0xFF, 0x98, 0xA5, 0xA7, 0xFF,
  0x97, 0xA2, 0xA4, 0xFF, 0x97, 0xA3, 0xA4, 0xFF, 0x9A, 0xA6, 0xA8, 0xFF, 0x98, 0xA4, 0xA6, 0xFF,
  0x98, 0xA4, 0xA6, 0xFF, 0x95, 0xA1, 0xA3, 0xFF, 0x90, 0x9C, 0x9E, 0xFF, 0x99, 0xA7, 0xA9, 0xFF,
  0x5B, 0x63, 0x65, 0xFF, 0x08, 0x03, 0x05, 0xFF, 0x13, 0x0F, 0x11, 0xFF, 0x11, 0x0D, 0x0F, 0xFF,
  0x11, 0x0D, 0x0F, 0xFF, 0x13, 0x0F, 0x11, 0xFF, 0x09, 0x04, 0x06, 0xFF, 0x53, 0x57, 0x5B, 0xFF,
  0x8A, 0x99, 0x9D, 0xFF, 0x86, 0x94, 0x98, 0xFF, 0x87, 0x96, 0x9A, 0xFF, 0x8B, 0x9A, 0x9D, 0xFF,
  0x8E, 0x9B, 0x9F, 0xFF, 0x93, 0xA0, 0xA5, 0xFF, 0x8D, 0x9C, 0xA1, 0xFF, 0x8F, 0x9C, 0xA0, 0xFF,
  0x93, 0xA2, 0xA6, 0xFF, 0x9A, 0xA9, 0xAD, 0xFF, 0x9F, 0xB0, 0xB5, 0xFF, 0x9F, 0xB1, 0xB6, 0xFF,
  0xA2, 0xB1, 0xB5, 0xFF, 0xA4, 0xB4, 0xB8, 0xFF, 0xA8, 0xB8, 0xBC, 0xFF, 0xAC, 0xBF, 0xC3, 0xFF,
  0xA6, 0xB7, 0xBD, 0xFF, 0xA2, 0xB1, 0xB5, 0xFF, 0xA2, 0xB1, 0xB4, 0xFF, 0xA4, 0xB3, 0xB6, 0xFF,
  0xA5, 0xB6, 0xBB, 0xFF, 0xA3, 0xB4, 0xB7, 0xFF, 0x9F, 0xAE, 0xB1, 0xFF, 0xA1, 0xB1, 0xB5, 0xFF,
  0xA4, 0xB5, 0xB8, 0xFF, 0x9F, 0xAE, 0xB1, 0xFF, 0x9D, 0xAC, 0xAF, 0xFF, 0xA0, 0xB0, 0xB3, 0xFF,
  0xA3, 0xB2, 0xB5, 0xFF, 0xA3, 0xB2, 0xB4, 0xFF, 0xA0, 0xAF, 0xB2, 0xFF, 0x9E, 0xAC, 0xAF, 0xFF,
  0x9C, 0xAC, 0xAE, 0xFF, 0x9D, 0xAC, 0xAF, 0xFF, 0x9E, 0xAE, 0xB1, 0xFF, 0x9F, 0xAE, 0xB1, 0xFF,
  0xA1, 0xB1, 0xB5, 0xFF, 0xA0, 0xAE, 0xB2, 0xFF, 0xA5, 0xB5, 0xB8, 0xFF, 0xA3, 0xB4, 0xB9, 0xFF,
  0xA0, 0xB0, 0xB5, 0xFF, 0x9F, 0xAC, 0xB0, 0xFF, 0xA4, 0xB1, 0xB6, 0xFF, 0xA0, 0xAF, 0xB3, 0xFF,
  0x9E, 0xAD, 0xB0, 0xFF, 0x9E, 0xAF, 0xB3, 0xFF, 0x9C, 0xAC, 0xAE, 0xFF, 0x98, 0xA2, 0xA4, 0xFF,
  0x99, 0xA5, 0xA8, 0xFF, 0x9B, 0xA6, 0xA9, 0xFF, 0x9C, 0xA6, 0xA8, 0xFF, 0x9D, 0xA9, 0xAC, 0xFF,
  0x9B, 0xA7, 0xAA, 0xFF, 0x98, 0xA4, 0xA6, 0xFF, 0x95, 0xA1, 0xA3, 0xFF, 0xA1, 0xAD, 0xAF, 0xFF,
  0x60, 0x66, 0x69, 0xFF, 0x08, 0x03, 0x05, 0xFF, 0x13, 0x0F, 0x11, 0xFF, 0x11, 0x0D, 0x0F, 0xFF,
  0x11, 0x0D, 0x0F, 0xFF, 0x13, 0x0F, 0x11, 0xFF, 0x09, 0x04, 0x06, 0xFF, 0x53, 0x59, 0x5D, 0xFF,
  0x89, 0x98, 0x9C, 0xFF, 0x85, 0x94, 0x97, 0xFF, 0x86, 0x95, 0x98, 0xFF, 0x76, 0x82, 0x87, 0xFF,
  0x69, 0x74, 0x7A, 0xFF, 0x65, 0x6D, 0x70, 0xFF, 0x7C, 0x7C, 0x7A, 0xFF, 0x87, 0x92, 0x97, 0xFF,
  0x8F, 0x9D, 0xA0, 0xFF, 0x8C, 0x95, 0x98, 0xFF, 0x85, 0x85, 0x84, 0xFF, 0x8E, 0x8F, 0x8D, 0xFF,
  0x8F, 0x9C, 0x9C, 0xFF, 0x8B, 0x8F, 0x8D, 0xFF, 0x88, 0x8C, 0x8B, 0xFF, 0x91, 0x91, 0x90, 0xFF,
  0x8F, 0x91, 0x90, 0xFF, 0xA1, 0xB0, 0xB3, 0xFF, 0xA4, 0xB5, 0xB9, 0xFF, 0x9B, 0xA9, 0xAC, 0xFF,
  0x90, 0x91, 0x8F, 0xFF, 0x95, 0x9D, 0x9E, 0xFF, 0xA2, 0xB2, 0xB6, 0xFF, 0x93, 0x98, 0x99, 0xFF,
  0x9D, 0xAA, 0xAD, 0xFF, 0xA3, 0xB5, 0xB9, 0xFF, 0xA1, 0xB2, 0xB6, 0xFF, 0xA2, 0xB0, 0xB4, 0xFF,
  0xA3, 0xB2, 0xB6, 0xFF, 0xA2, 0xB2, 0xB5, 0xFF, 0xA1, 0xB2, 0xB5, 0xFF, 0xA0, 0xB2, 0xB5, 0xFF,
  0xA0, 0xB2, 0xB6, 0xFF, 0x9F, 0xAF, 0xB3, 0xFF, 0x9D, 0xAC, 0xAF, 0xFF, 0xA0, 0xAE, 0xB1, 0xFF,
  0x94, 0x9B, 0x9C, 0xFF, 0x9E, 0xAE, 0xB0, 0xFF, 0x91, 0x9B, 0x9C, 0xFF, 0x8D, 0x8E, 0x8D, 0xFF,
  0x94, 0x98, 0x98, 0xFF, 0x9D, 0xAC, 0xB0, 0xFF, 0x8F, 0x91, 0x90, 0xFF, 0x9D, 0xA7, 0xA8, 0xFF,
  0x9E, 0xAF, 0xB1, 0xFF, 0x91, 0x97, 0x95, 0xFF, 0x8D, 0x93, 0x92, 0xFF, 0x9B, 0xAB, 0xAE, 0xFF,
  0x8A, 0x8D, 0x8D, 0xFF, 0x90, 0x97, 0x98, 0xFF, 0x9F, 0xAC, 0xB0, 0xFF, 0x90, 0x99, 0x99, 0xFF,
  0x96, 0xA1, 0xA3, 0xFF, 0x96, 0xA3, 0xA5, 0xFF, 0x91, 0x9D, 0x9F, 0xFF, 0x9E, 0xAA, 0xAD, 0xFF,
  0x5E, 0x63, 0x67, 0xFF, 0x08, 0x03, 0x05, 0xFF, 0x13, 0x0F, 0x11, 0xFF, 0x11, 0x0D, 0x0F, 0xFF,
  0x11, 0x0D, 0x0F, 0xFF, 0x13, 0x0F, 0x11, 0xFF, 0x09, 0x04, 0x06, 0xFF, 0x54, 0x5C, 0x5F, 0xFF,
  0x89, 0x9A, 0x9D, 0xFF, 0x75, 0x83, 0x87, 0xFF, 0x5D, 0x68, 0x6F, 0xFF, 0x49, 0x53, 0x5A, 0xFF,
  0x51, 0x5C, 0x62, 0xFF, 0x6E, 0x74, 0x75, 0xFF, 0x79, 0x58, 0x49, 0xFF, 0x82, 0x82, 0x81, 0xFF,
  0x8C, 0x70, 0x65, 0xFF, 0x7B, 0x78, 0x76, 0xFF, 0x63, 0x57, 0x52, 0xFF, 0x7E, 0x62, 0x56, 0xFF,
  0x82, 0x72, 0x69, 0xFF, 0x64, 0x59, 0x56, 0xFF, 0x77, 0x6A, 0x64, 0xFF, 0x7E, 0x5C, 0x4E, 0xFF,
  0x78, 0x74, 0x71, 0xFF, 0x84, 0x68, 0x5D, 0xFF, 0xA1, 0xAF, 0xB1, 0xFF, 0x97, 0xA7, 0xAB, 0xFF,
  0x77, 0x52, 0x45, 0xFF, 0x8C, 0x8A, 0x87, 0xFF, 0xA2, 0xB3, 0xB8, 0xFF, 0x6D, 0x61, 0x5C, 0xFF,
  0x8F, 0x97, 0x98, 0xFF, 0x98, 0x9F, 0xA0, 0xFF, 0x97, 0x9F, 0x9F, 0xFF, 0x99, 0xA6, 0xA7, 0xFF,
  0x92, 0x9B, 0x9C, 0xFF, 0x96, 0x9F, 0xA0, 0xFF, 0x96, 0x9F, 0x9F, 0xFF, 0x95, 0x9B, 0x9C, 0xFF,
  0x8E, 0x96, 0x97, 0xFF, 0x96, 0xA3, 0xA5, 0xFF, 0xA1, 0xB2, 0xB5, 0xFF, 0x94, 0x9F, 0xA1, 0xFF,
  0x7B, 0x54, 0x45, 0xFF, 0x9D, 0xA7, 0xA7, 0xFF, 0x86, 0x82, 0x80, 0xFF, 0x79, 0x59, 0x4C, 0xFF,
  0x79, 0x5F, 0x54, 0xFF, 0x8D, 0x8B, 0x88, 0xFF, 0x76, 0x60, 0x57, 0xFF, 0x8B, 0x72, 0x66, 0xFF,
  0x95, 0xA9, 0xAC, 0xFF, 0x70, 0x47, 0x38, 0xFF, 0x84, 0x82, 0x81, 0xFF, 0x8E, 0x84, 0x7F, 0xFF,
  0x6E, 0x5E, 0x56, 0xFF, 0x8C, 0x9B, 0x9E, 0xFF, 0x89, 0x8F, 0x8F, 0xFF, 0x75, 0x53, 0x46, 0xFF,
  0x8C, 0x93, 0x95, 0xFF, 0x93, 0xA0, 0xA4, 0xFF, 0x94, 0x9F, 0xA2, 0xFF, 0xB7, 0xC0, 0xC1, 0xFF,
  0x75, 0x77, 0x77, 0xFF, 0x05, 0x02, 0x03, 0xFF, 0x13, 0x0F, 0x11, 0xFF, 0x11, 0x0D, 0x0F, 0xFF,
  0x11, 0x0D, 0x0F, 0xFF, 0x12, 0x0F, 0x11, 0xFF, 0x0A, 0x05, 0x07, 0xFF, 0x4A, 0x50, 0x53, 0xFF,
  0x64, 0x72, 0x76, 0xFF, 0x46, 0x51, 0x56, 0xFF, 0x43, 0x4D, 0x53, 0xFF, 0x52, 0x5D, 0x62, 0xFF,
  0x79, 0x86, 0x89, 0xFF, 0x91, 0xA3, 0xA8, 0xFF, 0x84, 0x6B, 0x60, 0xFF, 0x74, 0x5B, 0x52, 0xFF,
  0x77, 0x4F, 0x40, 0xFF, 0x7C, 0x65, 0x59, 0xFF, 0x89, 0x95, 0x97, 0xFF, 0x90, 0x98, 0x98, 0xFF,
  0x7B, 0x4F, 0x3F, 0xFF, 0x8B, 0x92, 0x95, 0xFF, 0x94, 0x94, 0x91, 0xFF, 0x82, 0x66, 0x58, 0xFF,
  0xA5, 0xC0, 0xC5, 0xFF, 0x80, 0x57, 0x47, 0xFF, 0x90, 0x8F, 0x8D, 0xFF, 0xA4, 0xB9, 0xBE, 0xFF,
  0x7D, 0x5F, 0x53, 0xFF, 0x9B, 0x9E, 0x9D, 0xFF, 0x9E, 0xB1, 0xB6, 0xFF, 0x7A, 0x62, 0x59, 0xFF,
  0x87, 0x7E, 0x79, 0xFF, 0x75, 0x56, 0x49, 0xFF, 0x7B, 0x61, 0x55, 0xFF, 0x82, 0x74, 0x6F, 0xFF,
  0x7A, 0x64, 0x5A, 0xFF, 0x7B, 0x67, 0x5C, 0xFF, 0x7C, 0x76, 0x72, 0xFF, 0x7E, 0x5F, 0x52, 0xFF,
  0x70, 0x5A, 0x51, 0xFF, 0x8E, 0x9B, 0x9E, 0xFF, 0xA5, 0xB8, 0xBC, 0xFF, 0x7F, 0x7F, 0x7E, 0xFF,
  0x64, 0x3B, 0x2B, 0xFF, 0x93, 0x8B, 0x85, 0xFF, 0x95, 0x9B, 0x9B, 0xFF, 0x7F, 0x59, 0x4B, 0xFF,
  0x7D, 0x62, 0x57, 0xFF, 0x93, 0x9A, 0x9A, 0xFF, 0x75, 0x6E, 0x69, 0xFF, 0x75, 0x4E, 0x3E, 0xFF,
  0x7D, 0x74, 0x6F, 0xFF, 0x6A, 0x45, 0x37, 0xFF, 0x8E, 0x87, 0x83, 0xFF, 0x78, 0x51, 0x43, 0xFF,
  0x74, 0x5E, 0x55, 0xFF, 0x91, 0x8D, 0x89, 0xFF, 0x65, 0x55, 0x50, 0xFF, 0x68, 0x3F, 0x30, 0xFF,
  0x72, 0x78, 0x79, 0xFF, 0x8F, 0x9F, 0xA3, 0xFF, 0x8A, 0x98, 0x9C, 0xFF, 0x97, 0xA6, 0xA7, 0xFF,
  0x57, 0x5E, 0x5F, 0xFF, 0x09, 0x04, 0x05, 0xFF, 0x13, 0x0F, 0x11, 0xFF, 0x11, 0x0D, 0x0F, 0xFF,
  0x11, 0x0D, 0x0F, 0xFF, 0x12, 0x0E, 0x10, 0xFF, 0x0E, 0x09, 0x0B, 0xFF, 0x2D, 0x33, 0x36, 0xFF,
  0x3A, 0x47, 0x4C, 0xFF, 0x49, 0x54, 0x59, 0xFF, 0x62, 0x6E, 0x71, 0xFF, 0x83, 0x8F, 0x93, 0xFF,
  0x8C, 0x98, 0x9C, 0xFF, 0x94, 0xA3, 0xA9, 0xFF, 0x86, 0x7A, 0x76, 0xFF, 0x79, 0x51, 0x43, 0xFF,
  0x78, 0x6D, 0x68, 0xFF, 0x76, 0x4F, 0x3F, 0xFF, 0x96, 0xA6, 0xAB, 0xFF, 0x91, 0x9F, 0xA3, 0xFF,
  0x70, 0x4A, 0x3D, 0xFF, 0x95, 0x9F, 0x9F, 0xFF, 0x8B, 0x86, 0x80, 0xFF, 0x7E, 0x5C, 0x4D, 0xFF,
  0x8F, 0x97, 0x96, 0xFF, 0x78, 0x55, 0x48, 0xFF, 0x94, 0x9D, 0x9E, 0xFF, 0x9D, 0xAE, 0xB2, 0xFF,
  0x77, 0x55, 0x48, 0xFF, 0x8D, 0x89, 0x84, 0xFF, 0x86, 0x87, 0x86, 0xFF, 0x79, 0x58, 0x4A, 0xFF,
  0x86, 0x77, 0x70, 0xFF, 0x7F, 0x66, 0x5B, 0xFF, 0x80, 0x69, 0x60, 0xFF, 0x83, 0x6E, 0x66, 0xFF,
  0x89, 0x6C, 0x5E, 0xFF, 0x7D, 0x60, 0x54, 0xFF, 0x88, 0x80, 0x7D, 0xFF, 0x71, 0x59, 0x52, 0xFF,
  0x84, 0x64, 0x59, 0xFF, 0xA2, 0xB2, 0xB5, 0xFF, 0x99, 0xA5, 0xA6, 0xFF, 0x6D, 0x5C, 0x55, 0xFF,
  0x6F, 0x64, 0x5F, 0xFF, 0x84, 0x62, 0x54, 0xFF, 0x8E, 0x89, 0x85, 0xFF, 0x6E, 0x4A, 0x3D, 0xFF,
  0x73, 0x53, 0x46, 0xFF, 0x99, 0x94, 0x8F, 0xFF, 0x76, 0x6C, 0x66, 0xFF, 0x71, 0x59, 0x4F, 0xFF,
  0x6D, 0x51, 0x47, 0xFF, 0x80, 0x64, 0x57, 0xFF, 0x7D, 0x6A, 0x60, 0xFF, 0x76, 0x5C, 0x51, 0xFF,
  0x7F, 0x6C, 0x63, 0xFF, 0x6A, 0x4C, 0x41, 0xFF, 0x66, 0x5B, 0x58, 0xFF, 0x74, 0x45, 0x34, 0xFF,
  0x43, 0x41, 0x40, 0xFF, 0x54, 0x65, 0x6A, 0xFF, 0x6B, 0x79, 0x7D, 0xFF, 0x7D, 0x8D, 0x91, 0xFF,
  0x53, 0x5B, 0x5E, 0xFF, 0x09, 0x04, 0x06, 0xFF, 0x13, 0x0F, 0x11, 0xFF, 0x11, 0x0D, 0x0F, 0xFF,
  0x11, 0x0D, 0x0F, 0xFF, 0x12, 0x0E, 0x10, 0xFF, 0x0E, 0x09, 0x0B, 0xFF, 0x27, 0x2D, 0x30, 0xFF,
  0x3F, 0x4B, 0x50, 0xFF, 0x5B, 0x66, 0x6B, 0xFF, 0x7B, 0x86, 0x8C, 0xFF, 0x87, 0x95, 0x98, 0xFF,
  0x8D, 0x9A, 0x9E, 0xFF, 0x95, 0xA1, 0xA6, 0xFF, 0x87, 0x8F, 0x91, 0xFF, 0x6C, 0x68, 0x67, 0xFF,
  0x72, 0x7A, 0x7D, 0xFF, 0x6F, 0x6D, 0x6C, 0xFF, 0x9B, 0xAB, 0xAF, 0xFF, 0x87, 0x8E, 0x91, 0xFF,
  0x69, 0x5B, 0x57, 0xFF, 0x86, 0x8F, 0x8F, 0xFF, 0x7E, 0x80, 0x7D, 0xFF, 0x6C, 0x5E, 0x59, 0xFF,
  0x68, 0x64, 0x62, 0xFF, 0x81, 0x88, 0x8B, 0xFF, 0x9F, 0xB0, 0xB4, 0xFF, 0x8F, 0x9A, 0x9C, 0xFF,
  0x6B, 0x5F, 0x5B, 0xFF, 0x6F, 0x67, 0x63, 0xFF, 0x73, 0x6D, 0x6A, 0xFF, 0x76, 0x6B, 0x66, 0xFF,
  0x72, 0x6C, 0x6A, 0xFF, 0x71, 0x67, 0x65, 0xFF, 0x72, 0x67, 0x64, 0xFF, 0x84, 0x84, 0x82, 0xFF,
  0x7A, 0x6F, 0x6A, 0xFF, 0x73, 0x62, 0x5D, 0xFF, 0x6F, 0x68, 0x66, 0xFF, 0x6C, 0x66, 0x64, 0xFF,
  0x73, 0x63, 0x5D, 0xFF, 0x8A, 0x93, 0x92, 0xFF, 0x82, 0x89, 0x89, 0xFF, 0x6E, 0x65, 0x62, 0xFF,
  0x92, 0x9F, 0xA1, 0xFF, 0x73, 0x63, 0x5C, 0xFF, 0x6B, 0x63, 0x60, 0xFF, 0x73, 0x69, 0x64, 0xFF,
  0x7A, 0x7D, 0x7C, 0xFF, 0x66, 0x5B, 0x58, 0xFF, 0x6C, 0x62, 0x5D, 0xFF, 0x76, 0x77, 0x77, 0xFF,
  0x75, 0x7A, 0x7C, 0xFF, 0x5D, 0x53, 0x4E, 0xFF, 0x74, 0x72, 0x70, 0xFF, 0x76, 0x71, 0x70, 0xFF,
  0x4B, 0x3F, 0x3C, 0xFF, 0x7C, 0x85, 0x89, 0xFF, 0x88, 0x96, 0x9B, 0xFF, 0x61, 0x58, 0x56, 0xFF,
  0x3A, 0x43, 0x47, 0xFF, 0x43, 0x52, 0x56, 0xFF, 0x52, 0x60, 0x64, 0xFF, 0x50, 0x5F, 0x63, 0xFF,
  0x35, 0x3B, 0x3E, 0xFF, 0x0E, 0x09, 0x0B, 0xFF, 0x12, 0x0E, 0x10, 0xFF, 0x11, 0x0D, 0x0F, 0xFF,
  0x11, 0x0D, 0x0F, 0xFF, 0x12, 0x0E, 0x10, 0xFF, 0x0E, 0x09, 0x0A, 0xFF, 0x2E, 0x34, 0x37, 0xFF,
  0x3E, 0x4A, 0x4F, 0xFF, 0x43, 0x4F, 0x53, 0xFF, 0x55, 0x62, 0x68, 0xFF, 0x69, 0x75, 0x7C, 0xFF,
  0x77, 0x83, 0x89, 0xFF, 0x6C, 0x78, 0x7E, 0xFF, 0x51, 0x5F, 0x66, 0xFF, 0x47, 0x57, 0x5D, 0xFF,
  0x75, 0x81, 0x85, 0xFF, 0x98, 0xA7, 0xAA, 0xFF, 0x91, 0x9F, 0xA1, 0xFF, 0x95, 0xA2, 0xA5, 0xFF,
  0x88, 0x9A, 0x9D, 0xFF, 0x6C, 0x7C, 0x81, 0xFF, 0x79, 0x89, 0x8F, 0xFF, 0x94, 0xA5, 0xAC, 0xFF,
  0x9B, 0xAB, 0xB0, 0xFF, 0x9A, 0xAA, 0xAE, 0xFF, 0x97, 0xA6, 0xAA, 0xFF, 0x99, 0xA8, 0xAC, 0xFF,
  0x9B, 0xAD, 0xB1, 0xFF, 0x9C, 0xAD, 0xB1, 0xFF, 0x9F, 0xB1, 0xB5, 0xFF, 0xA0, 0xB1, 0xB6, 0xFF,
  0xA2, 0xB2, 0xB6, 0xFF, 0xA3, 0xB4, 0xB8, 0xFF, 0xA4, 0xB5, 0xB9, 0xFF, 0xA4, 0xB5, 0xB8, 0xFF,
  0xA3, 0xB5, 0xB8, 0xFF, 0xA2, 0xB4, 0xB7, 0xFF, 0x9E, 0xB0, 0xB3, 0xFF, 0x96, 0xA6, 0xAA, 0xFF,
  0x84, 0x95, 0x9B, 0xFF, 0x6B, 0x7A, 0x80, 0xFF, 0x6A, 0x78, 0x7E, 0xFF, 0x7A, 0x8B, 0x8F, 0xFF,
  0x84, 0x93, 0x96, 0xFF, 0x90, 0xA1, 0xA5, 0xFF, 0x98, 0xA9, 0xAB, 0xFF, 0x9B, 0xAC, 0xB0, 0xFF,
  0x88, 0x99, 0x9E, 0xFF, 0x6B, 0x7F, 0x85, 0xFF, 0x76, 0x87, 0x8E, 0xFF, 0x8C, 0x9A, 0xA0, 0xFF,
  0x76, 0x86, 0x8A, 0xFF, 0x4D, 0x5C, 0x63, 0xFF, 0x7D, 0x8D, 0x92, 0xFF, 0x7D, 0x8D, 0x91, 0xFF,
  0x54, 0x62, 0x67, 0xFF, 0x60, 0x6D, 0x71, 0xFF, 0x59, 0x65, 0x6A, 0xFF, 0x5D, 0x6C, 0x73, 0xFF,
  0x58, 0x67, 0x6A, 0xFF, 0x40, 0x50, 0x53, 0xFF, 0x40, 0x4E, 0x52, 0xFF, 0x38, 0x47, 0x4A, 0xFF,
  0x24, 0x2A, 0x2D, 0xFF, 0x0F, 0x0A, 0x0C, 0xFF, 0x11, 0x0E, 0x10, 0xFF, 0x11, 0x0D, 0x0F, 0xFF,
  0x11, 0x0D, 0x0F, 0xFF, 0x11, 0x0E, 0x10, 0xFF, 0x0F, 0x0A, 0x0B, 0xFF, 0x25, 0x2B, 0x2F, 0xFF,
  0x33, 0x40, 0x46, 0xFF, 0x38, 0x43, 0x49, 0xFF, 0x46, 0x51, 0x57, 0xFF, 0x4F, 0x5A, 0x61, 0xFF,
  0x50, 0x5B, 0x62, 0xFF, 0x47, 0x53, 0x5A, 0xFF, 0x3B, 0x48, 0x4E, 0xFF, 0x35, 0x42, 0x49, 0xFF,
  0x62, 0x6F, 0x74, 0xFF, 0x7F, 0x8B, 0x90, 0xFF, 0x72, 0x82, 0x87, 0xFF, 0x6B, 0x79, 0x7D, 0xFF,
  0x55, 0x62, 0x67, 0xFF, 0x34, 0x41, 0x47, 0xFF, 0x4D, 0x5B, 0x61, 0xFF, 0x68, 0x74, 0x7A, 0xFF,
  0x86, 0x94, 0x99, 0xFF, 0x8D, 0x9B, 0x9F, 0xFF, 0x7F, 0x8E, 0x92, 0xFF, 0x76, 0x84, 0x89, 0xFF,
  0x7D, 0x8B, 0x90, 0xFF, 0x8A, 0x99, 0x9D, 0xFF, 0x94, 0xA3, 0xA6, 0xFF, 0x9B, 0xAA, 0xAD, 0xFF,
  0x9E, 0xAC, 0xAF, 0xFF, 0x9C, 0xAB, 0xAE, 0xFF, 0x98, 0xA6, 0xAA, 0xFF, 0x90, 0x9F, 0xA3, 0xFF,
  0x85, 0x93, 0x97, 0xFF, 0x7A, 0x88, 0x8B, 0xFF, 0x6F, 0x7D, 0x81, 0xFF, 0x64, 0x73, 0x77, 0xFF,
  0x5E, 0x6C, 0x72, 0xFF, 0x5F, 0x6E, 0x74, 0xFF, 0x55, 0x62, 0x68, 0xFF, 0x54, 0x62, 0x65, 0xFF,
  0x59, 0x68, 0x6D, 0xFF, 0x61, 0x6F, 0x74, 0xFF, 0x6E, 0x7E, 0x82, 0xFF, 0x81, 0x90, 0x93, 0xFF,
  0x7D, 0x8C, 0x91, 0xFF, 0x59, 0x67, 0x6D, 0xFF, 0x4F, 0x5B, 0x62, 0xFF, 0x45, 0x51, 0x56, 0xFF,
  0x3E, 0x49, 0x4D, 0xFF, 0x42, 0x4D, 0x53, 0xFF, 0x50, 0x5D, 0x62, 0xFF, 0x51, 0x5F, 0x63, 0xFF,
  0x68, 0x76, 0x7A, 0xFF, 0x53, 0x5E, 0x63, 0xFF, 0x56, 0x63, 0x68, 0xFF, 0x6A, 0x79, 0x7E, 0xFF,
  0x69, 0x79, 0x7C, 0xFF, 0x35, 0x43, 0x48, 0xFF, 0x3A, 0x48, 0x4C, 0xFF, 0x40, 0x4E, 0x53, 0xFF,
  0x2E, 0x34, 0x38, 0xFF, 0x0E, 0x09, 0x0A, 0xFF, 0x12, 0x0E, 0x10, 0xFF, 0x11, 0x0D, 0x0F, 0xFF,
  0x11, 0x0D, 0x0F, 0xFF, 0x12, 0x0E, 0x10, 0xFF, 0x0D, 0x08, 0x0A, 0xFF, 0x32, 0x38, 0x3D, 0xFF,
  0x4F, 0x5B, 0x63, 0xFF, 0x41, 0x4C, 0x53, 0xFF, 0x41, 0x4D, 0x54, 0xFF, 0x48, 0x54, 0x5A, 0xFF,
  0x47, 0x53, 0x5A, 0xFF, 0x45, 0x51, 0x57, 0xFF, 0x49, 0x55, 0x5B, 0xFF, 0x3B, 0x46, 0x4D, 0xFF,
  0x4A, 0x56, 0x5D, 0xFF, 0x62, 0x70, 0x77, 0xFF, 0x5E, 0x6C, 0x73, 0xFF, 0x44, 0x52, 0x59, 0xFF,
  0x39, 0x45, 0x4B, 0xFF, 0x48, 0x54, 0x5A, 0xFF, 0x37, 0x43, 0x4A, 0xFF, 0x4E, 0x59, 0x60, 0xFF,
  0x5C, 0x6A, 0x71, 0xFF, 0x5F, 0x6D, 0x74, 0xFF, 0x61, 0x6F, 0x75, 0xFF, 0x5F, 0x6D, 0x74, 0xFF,
  0x58, 0x66, 0x6D, 0xFF, 0x61, 0x6F, 0x75, 0xFF, 0x69, 0x77, 0x7C, 0xFF, 0x77, 0x86, 0x8A, 0xFF,
  0x7C, 0x8B, 0x8F, 0xFF, 0x75, 0x84, 0x87, 0xFF, 0x6D, 0x7C, 0x82, 0xFF, 0x66, 0x74, 0x7A, 0xFF,
  0x5F, 0x6E, 0x72, 0xFF, 0x5F, 0x6F, 0x73, 0xFF, 0x60, 0x70, 0x75, 0xFF, 0x61, 0x72, 0x77, 0xFF,
  0x62, 0x73, 0x78, 0xFF, 0x64, 0x74, 0x7A, 0xFF, 0x57, 0x64, 0x6A, 0xFF, 0x44, 0x4F, 0x53, 0xFF,
  0x47, 0x53, 0x59, 0xFF, 0x49, 0x57, 0x5E, 0xFF, 0x50, 0x5E, 0x65, 0xFF, 0x4C, 0x5A, 0x61, 0xFF,
  0x4B, 0x59, 0x60, 0xFF, 0x4C, 0x58, 0x5F, 0xFF, 0x4D, 0x5B, 0x62, 0xFF, 0x3A, 0x46, 0x4C, 0xFF,
  0x34, 0x40, 0x43, 0xFF, 0x37, 0x43, 0x48, 0xFF, 0x34, 0x40, 0x46, 0xFF, 0x3B, 0x47, 0x4D, 0xFF,
  0x3A, 0x45, 0x4B, 0xFF, 0x42, 0x4D, 0x54, 0xFF, 0x48, 0x55, 0x5A, 0xFF, 0x7C, 0x8C, 0x8F, 0xFF,
  0x7F, 0x8F, 0x92, 0xFF, 0x42, 0x4E, 0x54, 0xFF, 0x39, 0x45, 0x4B, 0xFF, 0x3F, 0x4C, 0x52, 0xFF,
  0x29, 0x2F, 0x33, 0xFF, 0x0E, 0x09, 0x0B, 0xFF, 0x12, 0x0E, 0x10, 0xFF, 0x11, 0x0D, 0x0F, 0xFF,
  0x11, 0x0D, 0x0F, 0xFF, 0x12, 0x0E, 0x10, 0xFF, 0x0E, 0x08, 0x0A, 0xFF, 0x2E, 0x33, 0x38, 0xFF,
  0x45, 0x52, 0x59, 0xFF, 0x3B, 0x46, 0x4D, 0xFF, 0x38, 0x44, 0x49, 0xFF, 0x3B, 0x46, 0x4C, 0xFF,
  0x3C, 0x48, 0x4E, 0xFF, 0x38, 0x44, 0x4A, 0xFF, 0x3D, 0x49, 0x4E, 0xFF, 0x40, 0x4C, 0x52, 0xFF,
  0x36, 0x41, 0x48, 0xFF, 0x48, 0x54, 0x59, 0xFF, 0x5E, 0x6A, 0x70, 0xFF, 0x44, 0x50, 0x56, 0xFF,
  0x41, 0x4D, 0x53, 0xFF, 0x52, 0x60, 0x66, 0xFF, 0x3A, 0x46, 0x4C, 0xFF, 0x40, 0x4C, 0x52, 0xFF,
  0x4C, 0x58, 0x5F, 0xFF, 0x51, 0x5D, 0x63, 0xFF, 0x58, 0x64, 0x6A, 0xFF, 0x55, 0x61, 0x67, 0xFF,
  0x4E, 0x5A, 0x61, 0xFF, 0x4E, 0x5A, 0x60, 0xFF, 0x52, 0x5F, 0x66, 0xFF, 0x5C, 0x6C, 0x72, 0xFF,
  0x60, 0x6F, 0x75, 0xFF, 0x60, 0x6F, 0x75, 0xFF, 0x62, 0x71, 0x77, 0xFF, 0x63, 0x72, 0x77, 0xFF,
  0x62, 0x72, 0x75, 0xFF, 0x62, 0x73, 0x77, 0xFF, 0x62, 0x72, 0x78, 0xFF, 0x61, 0x71, 0x77, 0xFF,
  0x61, 0x71, 0x77, 0xFF, 0x63, 0x6F, 0x75, 0xFF, 0x5E, 0x6D, 0x71, 0xFF, 0x49, 0x57, 0x5B, 0xFF,
  0x44, 0x4F, 0x54, 0xFF, 0x42, 0x4D, 0x52, 0xFF, 0x46, 0x52, 0x57, 0xFF, 0x3F, 0x4A, 0x51, 0xFF,
  0x31, 0x3D, 0x43, 0xFF, 0x39, 0x45, 0x4B, 0xFF, 0x51, 0x5F, 0x66, 0xFF, 0x47, 0x54, 0x5A, 0xFF,
  0x35, 0x41, 0x47, 0xFF, 0x35, 0x41, 0x47, 0xFF, 0x32, 0x3E, 0x43, 0xFF, 0x3B, 0x47, 0x4B, 0xFF,
  0x3F, 0x4B, 0x4F, 0xFF, 0x33, 0x3E, 0x43, 0xFF, 0x3D, 0x4A, 0x4E, 0xFF, 0x5D, 0x6C, 0x6F, 0xFF,
  0x66, 0x74, 0x7A, 0xFF, 0x50, 0x5C, 0x62, 0xFF, 0x31, 0x3C, 0x40, 0xFF, 0x41, 0x4F, 0x53, 0xFF,
  0x32, 0x3A, 0x3D, 0xFF, 0x0D, 0x07, 0x09, 0xFF, 0x12, 0x0E, 0x10, 0xFF, 0x11, 0x0D, 0x0F, 0xFF,
  0x11, 0x0D, 0x0F, 0xFF, 0x12, 0x0E, 0x10, 0xFF, 0x0E, 0x09, 0x0B, 0xFF, 0x29, 0x2E, 0x33, 0xFF,
  0x39, 0x46, 0x4D, 0xFF, 0x32, 0x3E, 0x44, 0xFF, 0x32, 0x3F, 0x43, 0xFF, 0x2E, 0x3A, 0x40, 0xFF,
  0x2F, 0x3C, 0x43, 0xFF, 0x33, 0x3F, 0x46, 0xFF, 0x37, 0x44, 0x4A, 0xFF, 0x3D, 0x49, 0x50, 0xFF,
  0x3B, 0x47, 0x4E, 0xFF, 0x38, 0x44, 0x4B, 0xFF, 0x47, 0x54, 0x5A, 0xFF, 0x49, 0x55, 0x5C, 0xFF,
  0x4B, 0x58, 0x5E, 0xFF, 0x48, 0x55, 0x5B, 0xFF, 0x46, 0x53, 0x59, 0xFF, 0x54, 0x60, 0x67, 0xFF,
  0x4C, 0x58, 0x5F, 0xFF, 0x4B, 0x57, 0x5E, 0xFF, 0x55, 0x61, 0x68, 0xFF, 0x4D, 0x59, 0x5F, 0xFF,
  0x4C, 0x58, 0x5E, 0xFF, 0x54, 0x62, 0x67, 0xFF, 0x61, 0x6F, 0x74, 0xFF, 0x60, 0x6E, 0x74, 0xFF,
  0x5B, 0x68, 0x6E, 0xFF, 0x60, 0x6C, 0x71, 0xFF, 0x61, 0x6D, 0x74, 0xFF, 0x63, 0x70, 0x75, 0xFF,
  0x64, 0x72, 0x76, 0xFF, 0x64, 0x72, 0x76, 0xFF, 0x63, 0x71, 0x76, 0xFF, 0x62, 0x70, 0x75, 0xFF,
  0x63, 0x70, 0x76, 0xFF, 0x65, 0x72, 0x77, 0xFF, 0x60, 0x70, 0x74, 0xFF, 0x45, 0x52, 0x56, 0xFF,
  0x3F, 0x4C, 0x51, 0xFF, 0x4B, 0x58, 0x5D, 0xFF, 0x40, 0x4D, 0x53, 0xFF, 0x39, 0x47, 0x4D, 0xFF,
  0x3C, 0x49, 0x4F, 0xFF, 0x4B, 0x59, 0x5F, 0xFF, 0x52, 0x61, 0x67, 0xFF, 0x43, 0x50, 0x56, 0xFF,
  0x3B, 0x48, 0x4E, 0xFF, 0x31, 0x3D, 0x45, 0xFF, 0x31, 0x3E, 0x43, 0xFF, 0x3E, 0x4B, 0x50, 0xFF,
  0x3B, 0x48, 0x4D, 0xFF, 0x34, 0x40, 0x45, 0xFF, 0x40, 0x4E, 0x52, 0xFF, 0x4B, 0x5A, 0x5F, 0xFF,
  0x3A, 0x48, 0x4F, 0xFF, 0x48, 0x56, 0x5B, 0xFF, 0x41, 0x4E, 0x52, 0xFF, 0x4B, 0x59, 0x5D, 0xFF,
  0x34, 0x3B, 0x3E, 0xFF, 0x0D, 0x07, 0x09, 0xFF, 0x12, 0x0E, 0x10, 0xFF, 0x11, 0x0D, 0x0F, 0xFF,
  0x11, 0x0D, 0x0F, 0xFF, 0x11, 0x0D, 0x0F, 0xFF, 0x11, 0x0C, 0x0E, 0xFF, 0x15, 0x13, 0x15, 0xFF,
  0x17, 0x17, 0x1A, 0xFF, 0x16, 0x16, 0x19, 0xFF, 0x15, 0x15, 0x18, 0xFF, 0x16, 0x16, 0x19, 0xFF,
  0x17, 0x17, 0x1A, 0xFF, 0x19, 0x19, 0x1C, 0xFF, 0x1A, 0x1A, 0x1D, 0xFF, 0x19, 0x19, 0x1C, 0xFF,
  0x1B, 0x1A, 0x1D, 0xFF, 0x1B, 0x1B, 0x1E, 0xFF, 0x1B, 0x1A, 0x1D, 0xFF, 0x1C, 0x1C, 0x1F, 0xFF,
  0x1D, 0x1D, 0x20, 0xFF, 0x1E, 0x1E, 0x21, 0xFF, 0x20, 0x20, 0x23, 0xFF, 0x22, 0x21, 0x25, 0xFF,
  0x1E, 0x1E, 0x21, 0xFF, 0x1E, 0x1E, 0x21, 0xFF, 0x20, 0x1F, 0x22, 0xFF, 0x1D, 0x1C, 0x1F, 0xFF,
  0x1B, 0x1B, 0x1D, 0xFF, 0x22, 0x22, 0x24, 0xFF, 0x23, 0x23, 0x25, 0xFF, 0x20, 0x20, 0x23, 0xFF,
  0x1E, 0x1D, 0x20, 0xFF, 0x22, 0x21, 0x23, 0xFF, 0x22, 0x22, 0x24, 0xFF, 0x23, 0x22, 0x25, 0xFF,
  0x23, 0x23, 0x26, 0xFF, 0x23, 0x23, 0x25, 0xFF, 0x23, 0x22, 0x25, 0xFF, 0x23, 0x22, 0x25, 0xFF,
  0x23, 0x22, 0x25, 0xFF, 0x23, 0x23, 0x26, 0xFF, 0x23, 0x23, 0x25, 0xFF, 0x1B, 0x1B, 0x1D, 0xFF,
  0x1F, 0x1F, 0x22, 0xFF, 0x21, 0x21, 0x25, 0xFF, 0x19, 0x19, 0x1C, 0xFF, 0x19, 0x1A, 0x1D, 0xFF,
  0x1D, 0x1D, 0x20, 0xFF, 0x24, 0x24, 0x27, 0xFF, 0x20, 0x20, 0x23, 0xFF, 0x1B, 0x1B, 0x1E, 0xFF,
  0x1B, 0x1B, 0x1E, 0xFF, 0x18, 0x18, 0x1B, 0xFF, 0x19, 0x18, 0x1B, 0xFF, 0x1D, 0x1D, 0x20, 0xFF,
  0x19, 0x19, 0x1C, 0xFF, 0x1B, 0x1B, 0x1D, 0xFF, 0x22, 0x22, 0x25, 0xFF, 0x22, 0x22, 0x25, 0xFF,
  0x1D, 0x1D, 0x20, 0xFF, 0x27, 0x27, 0x2A, 0xFF, 0x1C, 0x1C, 0x1E, 0xFF, 0x1A, 0x19, 0x1C, 0xFF,
  0x15, 0x12, 0x15, 0xFF, 0x11, 0x0C, 0x0E, 0xFF, 0x11, 0x0D, 0x0F, 0xFF, 0x11, 0x0D, 0x0F, 0xFF,
  0x11, 0x0D, 0x0F, 0xFF, 0x11, 0x0D, 0x0F, 0xFF, 0x11, 0x0D, 0x0F, 0xFF, 0x10, 0x0C, 0x0E, 0xFF,
  0x10, 0x0B, 0x0D, 0xFF, 0x10, 0x0B, 0x0D, 0xFF, 0x10, 0x0B, 0x0D, 0xFF, 0x10, 0x0B, 0x0D, 0xFF,
  0x10, 0x0B, 0x0D, 0xFF, 0x0F, 0x0A, 0x0C, 0xFF, 0x0F, 0x0A, 0x0C, 0xFF, 0x0F, 0x0A, 0x0C, 0xFF,
  0x0F, 0x0A, 0x0C, 0xFF, 0x0F, 0x0A, 0x0C, 0xFF, 0x0F, 0x0A, 0x0C, 0xFF, 0x0F, 0x0A, 0x0C, 0xFF,
  0x0E, 0x0A, 0x0B, 0xFF, 0x0E, 0x0A, 0x0B, 0xFF, 0x0E, 0x09, 0x0B, 0xFF, 0x0D, 0x09, 0x0A, 0xFF,
  0x0E, 0x09, 0x0B, 0xFF, 0x0E, 0x09, 0x0B, 0xFF, 0x0E, 0x09, 0x0B, 0xFF, 0x0F, 0x0A, 0x0C, 0xFF,
  0x0F, 0x0A, 0x0C, 0xFF, 0x0D, 0x09, 0x0B, 0xFF, 0x0D, 0x08, 0x0A, 0xFF, 0x0E, 0x09, 0x0B, 0xFF,
  0x0E, 0x0A, 0x0B, 0xFF, 0x0D, 0x09, 0x0B, 0xFF, 0x0D, 0x09, 0x0B, 0xFF, 0x0D, 0x08, 0x0A, 0xFF,
  0x0D, 0x08, 0x0A, 0xFF, 0x0D, 0x08, 0x0A, 0xFF, 0x0D, 0x08, 0x0A, 0xFF, 0x0D, 0x08, 0x0A, 0xFF,
  0x0D, 0x08, 0x0A, 0xFF, 0x0D, 0x08, 0x0A, 0xFF, 0x0D, 0x08, 0x0A, 0xFF, 0x0F, 0x0A, 0x0C, 0xFF,
  0x0E, 0x09, 0x0B, 0xFF, 0x0E, 0x09, 0x0A, 0xFF, 0x0F, 0x0B, 0x0C, 0xFF, 0x0F, 0x0A, 0x0C, 0xFF,
  0x0E, 0x0A, 0x0B, 0xFF, 0x0D, 0x08, 0x0A, 0xFF, 0x0E, 0x09, 0x0B, 0xFF, 0x0F, 0x0A, 0x0C, 0xFF,
  0x0F, 0x0A, 0x0C, 0xFF, 0x10, 0x0B, 0x0D, 0xFF, 0x0F, 0x0B, 0x0C, 0xFF, 0x0E, 0x0A, 0x0B, 0xFF,
  0x0F, 0x0A, 0x0C, 0xFF, 0x0F, 0x0A, 0x0C, 0xFF, 0x0D, 0x09, 0x0A, 0xFF, 0x0E, 0x09, 0x0A, 0xFF,
  0x0F, 0x0A, 0x0C, 0xFF, 0x0C, 0x07, 0x09, 0xFF, 0x0F, 0x0A, 0x0C, 0xFF, 0x0F, 0x0A, 0x0C, 0xFF,
  0x10, 0x0C, 0x0E, 0xFF, 0x11, 0x0D, 0x0F, 0xFF, 0x11, 0x0D, 0x0F, 0xFF, 0x11, 0x0D, 0x0F, 0xFF,
  0x10, 0x0C, 0x0E, 0xF7, 0x11, 0x0D, 0x0F, 0xFF, 0x11, 0x0D, 0x0F, 0xFF, 0x11, 0x0D, 0x0F, 0xFF,
  0x11, 0x0E, 0x10, 0xFF, 0x11, 0x0D, 0x0F, 0xFF, 0x11, 0x0D, 0x0F, 0xFF, 0x11, 0x0D, 0x0F, 0xFF,
  0x11, 0x0D, 0x10, 0xFF, 0x11, 0x0E, 0x10, 0xFF, 0x11, 0x0E, 0x10, 0xFF, 0x11, 0x0E, 0x10, 0xFF,
  0x11, 0x0E, 0x10, 0xFF, 0x11, 0x0E, 0x10, 0xFF, 0x12, 0x0E, 0x10, 0xFF, 0x12, 0x0E, 0x10, 0xFF,
  0x12, 0x0E, 0x10, 0xFF, 0x12, 0x0E, 0x10, 0xFF, 0x12, 0x0E, 0x10, 0xFF, 0x12, 0x0E, 0x10, 0xFF,
  0x12, 0x0E, 0x10, 0xFF, 0x12, 0x0E, 0x10, 0xFF, 0x12, 0x0E, 0x10, 0xFF, 0x12, 0x0E, 0x10, 0xFF,
  0x12, 0x0E, 0x10, 0xFF, 0x12, 0x0E, 0x10, 0xFF, 0x12, 0x0E, 0x10, 0xFF, 0x12, 0x0E, 0x10, 0xFF,
  0x12, 0x0E, 0x10, 0xFF, 0x12, 0x0E, 0x10, 0xFF, 0x12, 0x0E, 0x10, 0xFF, 0x12, 0x0E, 0x10, 0xFF,
  0x12, 0x0E, 0x10, 0xFF, 0x12, 0x0E, 0x10, 0xFF, 0x12, 0x0E, 0x10, 0xFF, 0x12, 0x0E, 0x10, 0xFF,
  0x12, 0x0E, 0x10, 0xFF, 0x12, 0x0E, 0x10, 0xFF, 0x12, 0x0E, 0x10, 0xFF, 0x12, 0x0E, 0x10, 0xFF,
  0x12, 0x0E, 0x10, 0xFF, 0x12, 0x0E, 0x10, 0xFF, 0x11, 0x0E, 0x10, 0xFF, 0x11, 0x0E, 0x10, 0xFF,
  0x12, 0x0E, 0x10, 0xFF, 0x12, 0x0E, 0x10, 0xFF, 0x12, 0x0E, 0x10, 0xFF, 0x11, 0x0E, 0x10, 0xFF,
  0x11, 0x0E, 0x10, 0xFF, 0x11, 0x0E, 0x10, 0xFF, 0x11, 0x0E, 0x10, 0xFF, 0x12, 0x0E, 0x10, 0xFF,
  0x11, 0x0E, 0x10, 0xFF, 0x11, 0x0E, 0x10, 0xFF, 0x12, 0x0E, 0x10, 0xFF, 0x12, 0x0E, 0x10, 0xFF,
  0x12, 0x0E, 0x10, 0xFF, 0x12, 0x0E, 0x10, 0xFF, 0x12, 0x0E, 0x10, 0xFF, 0x11, 0x0E, 0x10, 0xFF,
  0x11, 0x0D, 0x0F, 0xFF, 0x11, 0x0D, 0x0F, 0xFF, 0x11, 0x0D, 0x0F, 0xFF, 0x10, 0x0C, 0x0E, 0xF7,
  0x11, 0x0C, 0x0F, 0xDB, 0x11, 0x0D, 0x0F, 0xFF, 0x11, 0x0D, 0x0F, 0xFE, 0x11, 0x0D, 0x0F, 0xFF,
  0x11, 0x0D, 0x0F, 0xFF, 0x11, 0x0D, 0x0F, 0xFF, 0x11, 0x0D, 0x0F, 0xFF, 0x11, 0x0D, 0x0F, 0xFF,
  0x11, 0x0D, 0x0F, 0xFF, 0x11, 0x0D, 0x0F, 0xFF, 0x11, 0x0D, 0x0F, 0xFF, 0x11, 0x0D, 0x0F, 0xFF,
  0x11, 0x0D, 0x0F, 0xFF, 0x11, 0x0D, 0x0F, 0xFF, 0x11, 0x0D, 0x0F, 0xFF, 0x11, 0x0D, 0x0F, 0xFF,
  0x11, 0x0D, 0x0F, 0xFF, 0x11, 0x0D, 0x0F, 0xFF, 0x11, 0x0D, 0x0F, 0xFF, 0x11, 0x0D, 0x0F, 0xFF,
  0x11, 0x0D, 0x0F, 0xFF, 0x11, 0x0D, 0x0F, 0xFF, 0x11, 0x0D, 0x0F, 0xFF, 0x11, 0x0D, 0x0F, 0xFF,
  0x11, 0x0D, 0x0F, 0xFF, 0x11, 0x0D, 0x0F, 0xFF, 0x11, 0x0D, 0x0F, 0xFF, 0x11, 0x0D, 0x0F, 0xFF,
  0x11, 0x0D, 0x0F, 0xFF, 0x11, 0x0D, 0x0F, 0xFF, 0x11, 0x0D, 0x0F, 0xFF, 0x11, 0x0D, 0x0F, 0xFF,
  0x11, 0x0D, 0x0F, 0xFF, 0x11, 0x0D, 0x0F, 0xFF, 0x11, 0x0D, 0x0F, 0xFF, 0x11, 0x0D, 0x0F, 0xFF,
  0x11, 0x0D, 0x0F, 0xFF, 0x11, 0x0D, 0x0F, 0xFF, 0x11, 0x0D, 0x0F, 0xFF, 0x11, 0x0D, 0x0F, 0xFF,
  0x11, 0x0D, 0x0F, 0xFF, 0x11, 0x0D, 0x0F, 0xFF, 0x11, 0x0D, 0x0F, 0xFF, 0x11, 0x0D, 0x0F, 0xFF,
  0x11, 0x0D, 0x0F, 0xFF, 0x11, 0x0D, 0x0F, 0xFF, 0x11, 0x0D, 0x0F, 0xFF, 0x11, 0x0D, 0x0F, 0xFF,
  0x11, 0x0D, 0x0F, 0xFF, 0x11, 0x0D, 0x0F, 0xFF, 0x11, 0x0D, 0x0F, 0xFF, 0x11, 0x0D, 0x0F, 0xFF,
  0x11, 0x0D, 0x0F, 0xFF, 0x11, 0x0D, 0x0F, 0xFF, 0x11, 0x0D, 0x0F, 0xFF, 0x11, 0x0D, 0x0F, 0xFF,
  0x11, 0x0D, 0x0F, 0xFF, 0x11, 0x0D, 0x0F, 0xFF, 0x11, 0x0D, 0x0F, 0xFF, 0x11, 0x0D, 0x0F, 0xFF,
  0x11, 0x0D, 0x0F, 0xFF, 0x11, 0x0D, 0x0F, 0xFE, 0x11, 0x0D, 0x0F, 0xFF, 0x11, 0x0C, 0x0F, 0xDB,
  0x11, 0x0C, 0x0F, 0xA2, 0x12, 0x0E, 0x10, 0xFE, 0x11, 0x0D, 0x0F, 0xFC, 0x11, 0x0D, 0x0F, 0xFF,
  0x11, 0x0D, 0x0F, 0xFF, 0x11, 0x0D, 0x0F, 0xFF, 0x11, 0x0D, 0x0F, 0xFF, 0x11, 0x0D, 0x0F, 0xFF,
  0x11, 0x0D, 0x0F, 0xFF, 0x11, 0x0D, 0x0F, 0xFF, 0x11, 0x0D, 0x0F, 0xFF, 0x11, 0x0D, 0x0F, 0xFF,
  0x11, 0x0D, 0x0F, 0xFF, 0x11, 0x0D, 0x0F, 0xFF, 0x11, 0x0D, 0x0F, 0xFF, 0x11, 0x0D, 0x0F, 0xFF,
  0x11, 0x0D, 0x0F, 0xFF, 0x11, 0x0D, 0x0F, 0xFF, 0x11, 0x0D, 0x0F, 0xFF, 0x11, 0x0D, 0x0F, 0xFF,
  0x11, 0x0D, 0x0F, 0xFF, 0x11, 0x0D, 0x0F, 0xFF, 0x11, 0x0D, 0x0F, 0xFF, 0x11, 0x0D, 0x0F, 0xFF,
  0x11, 0x0D, 0x0F, 0xFF, 0x11, 0x0D, 0x0F, 0xFF, 0x11, 0x0D, 0x0F, 0xFF, 0x11, 0x0D, 0x0F, 0xFF,
  0x11, 0x0D, 0x0F, 0xFF, 0x11, 0x0D, 0x0F, 0xFF, 0x11, 0x0D, 0x0F, 0xFF, 0x11, 0x0D, 0x0F, 0xFF,
  0x11, 0x0D, 0x0F, 0xFF, 0x11, 0x0D, 0x0F, 0xFF, 0x11, 0x0D, 0x0F, 0xFF, 0x11, 0x0D, 0x0F, 0xFF,
  0x11, 0x0D, 0x0F, 0xFF, 0x11, 0x0D, 0x0F, 0xFF, 0x11, 0x0D, 0x0F, 0xFF, 0x11, 0x0D, 0x0F, 0xFF,
  0x11, 0x0D, 0x0F, 0xFF, 0x11, 0x0D, 0x0F, 0xFF, 0x11, 0x0D, 0x0F, 0xFF, 0x11, 0x0D, 0x0F, 0xFF,
  0x11, 0x0D, 0x0F, 0xFF, 0x11, 0x0D, 0x0F, 0xFF, 0x11, 0x0D, 0x0F, 0xFF, 0x11, 0x0D, 0x0F, 0xFF,
  0x11, 0x0D, 0x0F, 0xFF, 0x11, 0x0D, 0x0F, 0xFF, 0x11, 0x0D, 0x0F, 0xFF, 0x11, 0x0D, 0x0F, 0xFF,
  0x11, 0x0D, 0x0F, 0xFF, 0x11, 0x0D, 0x0F, 0xFF, 0x11, 0x0D, 0x0F, 0xFF, 0x11, 0x0D, 0x0F, 0xFF,
  0x11, 0x0D, 0x0F, 0xFF, 0x11, 0x0D, 0x0F, 0xFF, 0x11, 0x0D, 0x0F, 0xFF, 0x11, 0x0D, 0x0F, 0xFF,
  0x11, 0x0D, 0x0F, 0xFF, 0x11, 0x0D, 0x0F, 0xFC, 0x12, 0x0E, 0x10, 0xFE, 0x11, 0x0C, 0x0F, 0xA2,
  0x11, 0x0D, 0x0D, 0x4B, 0x12, 0x0D, 0x10, 0xFF, 0x11, 0x0D, 0x0F, 0xFD, 0x11, 0x0D, 0x0F, 0xFF,
  0x11, 0x0D, 0x0F, 0xFF, 0x11, 0x0D, 0x0F, 0xFF, 0x11, 0x0D, 0x0F, 0xFF, 0x11, 0x0D, 0x0F, 0xFF,
  0x11, 0x0D, 0x0F, 0xFF, 0x11, 0x0D, 0x0F, 0xFF, 0x11, 0x0D, 0x0F, 0xFF, 0x11, 0x0D, 0x0F, 0xFF,
  0x11, 0x0D, 0x0F, 0xFF, 0x11, 0x0D, 0x0F, 0xFF, 0x11, 0x0D, 0x0F, 0xFF, 0x11, 0x0D, 0x0F, 0xFF,
  0x11, 0x0D, 0x0F, 0xFF, 0x11, 0x0D, 0x0F, 0xFF, 0x11, 0x0D, 0x0F, 0xFF, 0x11, 0x0D, 0x0F, 0xFF,
  0x11, 0x0D, 0x0F, 0xFF, 0x11, 0x0D, 0x0F, 0xFF, 0x11, 0x0D, 0x0F, 0xFF, 0x11, 0x0D, 0x0F, 0xFF,
  0x11, 0x0D, 0x0F, 0xFF, 0x11, 0x0D, 0x0F, 0xFF, 0x11, 0x0D, 0x0F, 0xFF, 0x11, 0x0D, 0x0F, 0xFF,
  0x11, 0x0D, 0x0F, 0xFF, 0x11, 0x0D, 0x0F, 0xFF, 0x11, 0x0D, 0x0F, 0xFF, 0x11, 0x0D, 0x0F, 0xFF,
  0x11, 0x0D, 0x0F, 0xFF, 0x11, 0x0D, 0x0F, 0xFF, 0x11, 0x0D, 0x0F, 0xFF, 0x11, 0x0D, 0x0F, 0xFF,
  0x11, 0x0D, 0x0F, 0xFF, 0x11, 0x0D, 0x0F, 0xFF, 0x11, 0x0D, 0x0F, 0xFF, 0x11, 0x0D, 0x0F, 0xFF,
  0x11, 0x0D, 0x0F, 0xFF, 0x11, 0x0D, 0x0F, 0xFF, 0x11, 0x0D, 0x0F, 0xFF, 0x11, 0x0D, 0x0F, 0xFF,
  0x11, 0x0D, 0x0F, 0xFF, 0x11, 0x0D, 0x0F, 0xFF, 0x11, 0x0D, 0x0F, 0xFF, 0x11, 0x0D, 0x0F, 0xFF,
  0x11, 0x0D, 0x0F, 0xFF, 0x11, 0x0D, 0x0F, 0xFF, 0x11, 0x0D, 0x0F, 0xFF, 0x11, 0x0D, 0x0F, 0xFF,
  0x11, 0x0D, 0x0F, 0xFF, 0x11, 0x0D, 0x0F, 0xFF, 0x11, 0x0D, 0x0F, 0xFF, 0x11, 0x0D, 0x0F, 0xFF,
  0x11, 0x0D, 0x0F, 0xFF, 0x11, 0x0D, 0x0F, 0xFF, 0x11, 0x0D, 0x0F, 0xFF, 0x11, 0x0D, 0x0F, 0xFF,
  0x11, 0x0D, 0x0F, 0xFF, 0x11, 0x0D, 0x0F, 0xFD, 0x12, 0x0D, 0x10, 0xFF, 0x11, 0x0D, 0x0D, 0x4B,
  0x00, 0x00, 0x00, 0x04, 0x11, 0x0C, 0x0E, 0xCF, 0x12, 0x0E, 0x10, 0xFE, 0x11, 0x0D, 0x0F, 0xFC,
  0x11, 0x0D, 0x0F, 0xFF, 0x11, 0x0D, 0x0F, 0xFF, 0x11, 0x0D, 0x0F, 0xFF, 0x11, 0x0D, 0x0F, 0xFF,
  0x11, 0x0D, 0x0F, 0xFF, 0x11, 0x0D, 0x0F, 0xFF, 0x11, 0x0D, 0x0F, 0xFF, 0x11, 0x0D, 0x0F, 0xFF,
  0x11, 0x0D, 0x0F, 0xFF, 0x11, 0x0D, 0x0F, 0xFF, 0x11, 0x0D, 0x0F, 0xFF, 0x11, 0x0D, 0x0F, 0xFF,
  0x11, 0x0D, 0x0F, 0xFF, 0x11, 0x0D, 0x0F, 0xFF, 0x11, 0x0D, 0x0F, 0xFF, 0x11, 0x0D, 0x0F, 0xFF,
  0x11, 0x0D, 0x0F, 0xFF, 0x11, 0x0D, 0x0F, 0xFF, 0x11, 0x0D, 0x0F, 0xFF, 0x11, 0x0D, 0x0F, 0xFF,
  0x11, 0x0D, 0x0F, 0xFF, 0x11, 0x0D, 0x0F, 0xFF, 0x11, 0x0D, 0x0F, 0xFF, 0x11, 0x0D, 0x0F, 0xFF,
  0x11, 0x0D, 0x0F, 0xFF, 0x11, 0x0D, 0x0F, 0xFF, 0x11, 0x0D, 0x0F, 0xFF, 0x11, 0x0D, 0x0F, 0xFF,
  0x11, 0x0D, 0x0F, 0xFF, 0x11, 0x0D, 0x0F, 0xFF, 0x11, 0x0D, 0x0F, 0xFF, 0x11, 0x0D, 0x0F, 0xFF,
  0x11, 0x0D, 0x0F, 0xFF, 0x11, 0x0D, 0x0F, 0xFF, 0x11, 0x0D, 0x0F, 0xFF, 0x11, 0x0D, 0x0F, 0xFF,
  0x11, 0x0D, 0x0F, 0xFF, 0x11, 0x0D, 0x0F, 0xFF, 0x11, 0x0D, 0x0F, 0xFF, 0x11, 0x0D, 0x0F, 0xFF,
  0x11, 0x0D, 0x0F, 0xFF, 0x11, 0x0D, 0x0F, 0xFF, 0x11, 0x0D, 0x0F, 0xFF, 0x11, 0x0D, 0x0F, 0xFF,
  0x11, 0x0D, 0x0F, 0xFF, 0x11, 0x0D, 0x0F, 0xFF, 0x11, 0x0D, 0x0F, 0xFF, 0x11, 0x0D, 0x0F, 0xFF,
  0x11, 0x0D, 0x0F, 0xFF, 0x11, 0x0D, 0x0F, 0xFF, 0x11, 0x0D, 0x0F, 0xFF, 0x11, 0x0D, 0x0F, 0xFF,
  0x11, 0x0D, 0x0F, 0xFF, 0x11, 0x0D, 0x0F, 0xFF, 0x11, 0x0D, 0x0F, 0xFF, 0x11, 0x0D, 0x0F, 0xFF,
  0x11, 0x0D, 0x0F, 0xFC, 0x12, 0x0E, 0x10, 0xFE, 0x11, 0x0C, 0x0E, 0xCF, 0x00, 0x00, 0x00, 0x04,
  0x00, 0x00, 0x00, 0x00, 0x11, 0x0E, 0x0E, 0x48, 0x12, 0x0E, 0x10, 0xFF, 0x11, 0x0D, 0x0F, 0xFA,
  0x11, 0x0D, 0x0F, 0xFF, 0x11, 0x0D, 0x0F, 0xFF, 0x11, 0x0D, 0x0F, 0xFF, 0x11, 0x0D, 0x0F, 0xFF,
  0x11, 0x0D, 0x0F, 0xFF, 0x11, 0x0D, 0x0F, 0xFF, 0x11, 0x0D, 0x0F, 0xFF, 0x11, 0x0D, 0x0F, 0xFF,
  0x11, 0x0D, 0x0F, 0xFF, 0x11, 0x0D, 0x0F, 0xFF, 0x11, 0x0D, 0x0F, 0xFF, 0x11, 0x0D, 0x0F, 0xFF,
  0x11, 0x0D, 0x0F, 0xFF, 0x11, 0x0D, 0x0F, 0xFF, 0x11, 0x0D, 0x0F, 0xFF, 0x11, 0x0D, 0x0F, 0xFF,
  0x11, 0x0D, 0x0F, 0xFF, 0x11, 0x0D, 0x0F, 0xFF, 0x11, 0x0D, 0x0F, 0xFF, 0x11, 0x0D, 0x0F, 0xFF,
  0x11, 0x0D, 0x0F, 0xFF, 0x11, 0x0D, 0x0F, 0xFF, 0x11, 0x0D, 0x0F, 0xFF, 0x11, 0x0D, 0x0F, 0xFF,
  0x11, 0x0D, 0x0F, 0xFF, 0x11, 0x0D, 0x0F, 0xFF, 0x11, 0x0D, 0x0F, 0xFF, 0x11, 0x0D, 0x0F, 0xFF,
  0x11, 0x0D, 0x0F, 0xFF, 0x11, 0x0D, 0x0F, 0xFF, 0x11, 0x0D, 0x0F, 0xFF, 0x11, 0x0D, 0x0F, 0xFF,
  0x11, 0x0D, 0x0F, 0xFF, 0x11, 0x0D, 0x0F, 0xFF, 0x11, 0x0D, 0x0F, 0xFF, 0x11, 0x0D, 0x0F, 0xFF,
  0x11, 0x0D, 0x0F, 0xFF, 0x11, 0x0D, 0x0F, 0xFF, 0x11, 0x0D, 0x0F, 0xFF, 0x11, 0x0D, 0x0F, 0xFF,
  0x11, 0x0D, 0x0F, 0xFF, 0x11, 0x0D, 0x0F, 0xFF, 0x11, 0x0D, 0x0F, 0xFF, 0x11, 0x0D, 0x0F, 0xFF,
  0x11, 0x0D, 0x0F, 0xFF, 0x11, 0x0D, 0x0F, 0xFF, 0x11, 0x0D, 0x0F, 0xFF, 0x11, 0x0D, 0x0F, 0xFF,
  0x11, 0x0D, 0x0F, 0xFF, 0x11, 0x0D, 0x0F, 0xFF, 0x11, 0x0D, 0x0F, 0xFF, 0x11, 0x0D, 0x0F, 0xFF,
  0x11, 0x0D, 0x0F, 0xFF, 0x11, 0x0D, 0x0F, 0xFF, 0x11, 0x0D, 0x0F, 0xFF, 0x11, 0x0D, 0x0F, 0xFF,
  0x11, 0x0D, 0x0F, 0xFA, 0x12, 0x0E, 0x10, 0xFF, 0x11, 0x0E, 0x0E, 0x48, 0x00, 0x00, 0x00, 0x00,
  0x00, 0x00, 0x00, 0x03, 0x00, 0x00, 0x00, 0x00, 0x11, 0x0D, 0x0F, 0x95, 0x12, 0x0E, 0x10, 0xFF,
  0x11, 0x0D, 0x0F, 0xF9, 0x11, 0x0D, 0x0F, 0xFF, 0x11, 0x0D, 0x0F, 0xFF, 0x11, 0x0D, 0x0F, 0xFF,
  0x11, 0x0D, 0x0F, 0xFF, 0x11, 0x0D, 0x0F, 0xFF, 0x11, 0x0D, 0x0F, 0xFF, 0x11, 0x0D, 0x0F, 0xFF,
  0x11, 0x0D, 0x0F, 0xFF, 0x11, 0x0D, 0x0F, 0xFF, 0x11, 0x0D, 0x0F, 0xFF, 0x11, 0x0D, 0x0F, 0xFF,
  0x11, 0x0D, 0x0F, 0xFF, 0x11, 0x0D, 0x0F, 0xFF, 0x11, 0x0D, 0x0F, 0xFF, 0x11, 0x0D, 0x0F, 0xFF,
  0x11, 0x0D, 0x0F, 0xFF, 0x11, 0x0D, 0x0F, 0xFF, 0x11, 0x0D, 0x0F, 0xFF, 0x11, 0x0D, 0x0F, 0xFF,
  0x11, 0x0D, 0x0F, 0xFF, 0x11, 0x0D, 0x0F, 0xFF, 0x11, 0x0D, 0x0F, 0xFF, 0x11, 0x0D, 0x0F, 0xFF,
  0x11, 0x0D, 0x0F, 0xFF, 0x11, 0x0D, 0x0F, 0xFF, 0x11, 0x0D, 0x0F, 0xFF, 0x11, 0x0D, 0x0F, 0xFF,
  0x11, 0x0D, 0x0F, 0xFF, 0x11, 0x0D, 0x0F, 0xFF, 0x11, 0x0D, 0x0F, 0xFF, 0x11, 0x0D, 0x0F, 0xFF,
  0x11, 0x0D, 0x0F, 0xFF, 0x11, 0x0D, 0x0F, 0xFF, 0x11, 0x0D, 0x0F, 0xFF, 0x11, 0x0D, 0x0F, 0xFF,
  0x11, 0x0D, 0x0F, 0xFF, 0x11, 0x0D, 0x0F, 0xFF, 0x11, 0x0D, 0x0F, 0xFF, 0x11, 0x0D, 0x0F, 0xFF,
  0x11, 0x0D, 0x0F, 0xFF, 0x11, 0x0D, 0x0F, 0xFF, 0x11, 0x0D, 0x0F, 0xFF, 0x11, 0x0D, 0x0F, 0xFF,
  0x11, 0x0D, 0x0F, 0xFF, 0x11, 0x0D, 0x0F, 0xFF, 0x11, 0x0D, 0x0F, 0xFF, 0x11, 0x0D, 0x0F, 0xFF,
  0x11, 0x0D, 0x0F, 0xFF, 0x11, 0x0D, 0x0F, 0xFF, 0x11, 0x0D, 0x0F, 0xFF, 0x11, 0x0D, 0x0F, 0xFF,
  0x11, 0x0D, 0x0F, 0xFF, 0x11, 0x0D, 0x0F, 0xFF, 0x11, 0x0D, 0x0F, 0xFF, 0x11, 0x0D, 0x0F, 0xF9,
  0x12, 0x0E, 0x10, 0xFF, 0x11, 0x0D, 0x0F, 0x95, 0x00, 0x00, 0x00, 0x00, 0x00, 0x00, 0x00, 0x03,
  0x00, 0x00, 0x00, 0x01, 0x00, 0x00, 0x00, 0x03, 0x00, 0x00, 0x00, 0x03, 0x11, 0x0D, 0x0E, 0xAC,
  0x12, 0x0E, 0x10, 0xFF, 0x11, 0x0D, 0x0F, 0xFC, 0x11, 0x0D, 0x0F, 0xFD, 0x11, 0x0D, 0x0F, 0xFF,
  0x11, 0x0D, 0x0F, 0xFF, 0x11, 0x0D, 0x0F, 0xFF, 0x11, 0x0D, 0x0F, 0xFF, 0x11, 0x0D, 0x0F, 0xFF,
  0x11, 0x0D, 0x0F, 0xFF, 0x11, 0x0D, 0x0F, 0xFF, 0x11, 0x0D, 0x0F, 0xFF, 0x11, 0x0D, 0x0F, 0xFF,
  0x11, 0x0D, 0x0F, 0xFF, 0x11, 0x0D, 0x0F, 0xFF, 0x11, 0x0D, 0x0F, 0xFF, 0x11, 0x0D, 0x0F, 0xFF,
  0x11, 0x0D, 0x0F, 0xFF, 0x11, 0x0D, 0x0F, 0xFF, 0x11, 0x0D, 0x0F, 0xFF, 0x11, 0x0D, 0x0F, 0xFF,
  0x11, 0x0D, 0x0F, 0xFF, 0x11, 0x0D, 0x0F, 0xFF, 0x11, 0x0D, 0x0F, 0xFF, 0x11, 0x0D, 0x0F, 0xFF,
  0x11, 0x0D, 0x0F, 0xFF, 0x11, 0x0D, 0x0F, 0xFF, 0x11, 0x0D, 0x0F, 0xFF, 0x11, 0x0D, 0x0F, 0xFF,
  0x11, 0x0D, 0x0F, 0xFF, 0x11, 0x0D, 0x0F, 0xFF, 0x11, 0x0D, 0x0F, 0xFF, 0x11, 0x0D, 0x0F, 0xFF,
  0x11, 0x0D, 0x0F, 0xFF, 0x11, 0x0D, 0x0F, 0xFF, 0x11, 0x0D, 0x0F, 0xFF, 0x11, 0x0D, 0x0F, 0xFF,
  0x11, 0x0D, 0x0F, 0xFF, 0x11, 0x0D, 0x0F, 0xFF, 0x11, 0x0D, 0x0F, 0xFF, 0x11, 0x0D, 0x0F, 0xFF,
  0x11, 0x0D, 0x0F, 0xFF, 0x11, 0x0D, 0x0F, 0xFF, 0x11, 0x0D, 0x0F, 0xFF, 0x11, 0x0D, 0x0F, 0xFF,
  0x11, 0x0D, 0x0F, 0xFF, 0x11, 0x0D, 0x0F, 0xFF, 0x11, 0x0D, 0x0F, 0xFF, 0x11, 0x0D, 0x0F, 0xFF,
  0x11, 0x0D, 0x0F, 0xFF, 0x11, 0x0D, 0x0F, 0xFF, 0x11, 0x0D, 0x0F, 0xFF, 0x11, 0x0D, 0x0F, 0xFF,
  0x11, 0x0D, 0x0F, 0xFF, 0x11, 0x0D, 0x0F, 0xFD, 0x11, 0x0D, 0x0F, 0xFC, 0x12, 0x0E, 0x10, 0xFF,
  0x11, 0x0D, 0x0E, 0xAC, 0x00, 0x00, 0x00, 0x03, 0x00, 0x00, 0x00, 0x03, 0x00, 0x00, 0x00, 0x01,
  0x00, 0x00, 0x00, 0x00, 0x00, 0x00, 0x00, 0x01, 0x00, 0x00, 0x00, 0x01, 0x00, 0x00, 0x00, 0x02,
  0x11, 0x0D, 0x0F, 0x94, 0x12, 0x0E, 0x10, 0xFF, 0x12, 0x0E, 0x10, 0xFF, 0x11, 0x0D, 0x0F, 0xFE,
  0x11, 0x0D, 0x0F, 0xFC, 0x11, 0x0D, 0x0F, 0xFE, 0x11, 0x0D, 0x0F, 0xFF, 0x11, 0x0D, 0x0F, 0xFF,
  0x11, 0x0D, 0x0F, 0xFF, 0x11, 0x0D, 0x0F, 0xFF, 0x11, 0x0D, 0x0F, 0xFF, 0x11, 0x0D, 0x0F, 0xFF,
  0x11, 0x0D, 0x0F, 0xFF, 0x11, 0x0D, 0x0F, 0xFF, 0x11, 0x0D, 0x0F, 0xFF, 0x11, 0x0D, 0x0F, 0xFF,
  0x11, 0x0D, 0x0F, 0xFF, 0x11, 0x0D, 0x0F, 0xFF, 0x11, 0x0D, 0x0F, 0xFF, 0x11, 0x0D, 0x0F, 0xFF,
  0x11, 0x0D, 0x0F, 0xFF, 0x11, 0x0D, 0x0F, 0xFF, 0x11, 0x0D, 0x0F, 0xFF, 0x11, 0x0D, 0x0F, 0xFF,
  0x11, 0x0D, 0x0F, 0xFF, 0x11, 0x0D, 0x0F, 0xFF, 0x11, 0x0D, 0x0F, 0xFF, 0x11, 0x0D, 0x0F, 0xFF,
  0x11, 0x0D, 0x0F, 0xFF, 0x11, 0x0D, 0x0F, 0xFF, 0x11, 0x0D, 0x0F, 0xFF, 0x11, 0x0D, 0x0F, 0xFF,
  0x11, 0x0D, 0x0F, 0xFF, 0x11, 0x0D, 0x0F, 0xFF, 0x11, 0x0D, 0x0F, 0xFF, 0x11, 0x0D, 0x0F, 0xFF,
  0x11, 0x0D, 0x0F, 0xFF, 0x11, 0x0D, 0x0F, 0xFF, 0x11, 0x0D, 0x0F, 0xFF, 0x11, 0x0D, 0x0F, 0xFF,
  0x11, 0x0D, 0x0F, 0xFF, 0x11, 0x0D, 0x0F, 0xFF, 0x11, 0x0D, 0x0F, 0xFF, 0x11, 0x0D, 0x0F, 0xFF,
  0x11, 0x0D, 0x0F, 0xFF, 0x11, 0x0D, 0x0F, 0xFF, 0x11, 0x0D, 0x0F, 0xFF, 0x11, 0x0D, 0x0F, 0xFF,
  0x11, 0x0D, 0x0F, 0xFF, 0x11, 0x0D, 0x0F, 0xFF, 0x11, 0x0D, 0x0F, 0xFE, 0x11, 0x0D, 0x0F, 0xFC,
  0x11, 0x0D, 0x0F, 0xFE, 0x12, 0x0E, 0x10, 0xFF, 0x12, 0x0E, 0x10, 0xFF, 0x11, 0x0D, 0x0F, 0x94,
  0x00, 0x00, 0x00, 0x02, 0x00, 0x00, 0x00, 0x01, 0x00, 0x00, 0x00, 0x01, 0x00, 0x00, 0x00, 0x00,
  0x00, 0x00, 0x00, 0x00, 0x00, 0x00, 0x00, 0x00, 0x00, 0x00, 0x00, 0x01, 0x00, 0x00, 0x00, 0x01,
  0x00, 0x00, 0x00, 0x00, 0x10, 0x0D, 0x10, 0x4C, 0x11, 0x0D, 0x0F, 0xC9, 0x12, 0x0D, 0x10, 0xFF,
  0x12, 0x0E, 0x10, 0xFF, 0x11, 0x0D, 0x0F, 0xFF, 0x11, 0x0D, 0x0F, 0xFF, 0x11, 0x0D, 0x0F, 0xFF,
  0x11, 0x0D, 0x0F, 0xFF, 0x11, 0x0D, 0x0F, 0xFF, 0x11, 0x0D, 0x0F, 0xFF, 0x11, 0x0D, 0x0F, 0xFF,
  0x11, 0x0D, 0x0F, 0xFF, 0x11, 0x0D, 0x0F, 0xFF, 0x11, 0x0D, 0x0F, 0xFF, 0x11, 0x0D, 0x0F, 0xFF,
  0x11, 0x0D, 0x0F, 0xFF, 0x11, 0x0D, 0x0F, 0xFF, 0x11, 0x0D, 0x0F, 0xFF, 0x11, 0x0D, 0x0F, 0xFF,
  0x11, 0x0D, 0x0F, 0xFF, 0x11, 0x0D, 0x0F, 0xFF, 0x11, 0x0D, 0x0F, 0xFF, 0x11, 0x0D, 0x0F, 0xFF,
  0x11, 0x0D, 0x0F, 0xFF, 0x11, 0x0D, 0x0F, 0xFF, 0x11, 0x0D, 0x0F, 0xFF, 0x11, 0x0D, 0x0F, 0xFF,
  0x11, 0x0D, 0x0F, 0xFF, 0x11, 0x0D, 0x0F, 0xFF, 0x11, 0x0D, 0x0F, 0xFF, 0x11, 0x0D, 0x0F, 0xFF,
  0x11, 0x0D, 0x0F, 0xFF, 0x11, 0x0D, 0x0F, 0xFF, 0x11, 0x0D, 0x0F, 0xFF, 0x11, 0x0D, 0x0F, 0xFF,
  0x11, 0x0D, 0x0F, 0xFF, 0x11, 0x0D, 0x0F, 0xFF, 0x11, 0x0D, 0x0F, 0xFF, 0x11, 0x0D, 0x0F, 0xFF,
  0x11, 0x0D, 0x0F, 0xFF, 0x11, 0x0D, 0x0F, 0xFF, 0x11, 0x0D, 0x0F, 0xFF, 0x11, 0x0D, 0x0F, 0xFF,
  0x11, 0x0D, 0x0F, 0xFF, 0x11, 0x0D, 0x0F, 0xFF, 0x11, 0x0D, 0x0F, 0xFF, 0x11, 0x0D, 0x0F, 0xFF,
  0x11, 0x0D, 0x0F, 0xFF, 0x11, 0x0D, 0x0F, 0xFF, 0x11, 0x0D, 0x0F, 0xFF, 0x12, 0x0E, 0x10, 0xFF,
  0x12, 0x0D, 0x10, 0xFF, 0x11, 0x0D, 0x0F, 0xC9, 0x10, 0x0D, 0x10, 0x4C, 0x00, 0x00, 0x00, 0x00,
  0x00, 0x00, 0x00, 0x01, 0x00, 0x00, 0x00, 0x01, 0x00, 0x00, 0x00, 0x00, 0x00, 0x00, 0x00, 0x00,
  0x00, 0x00, 0x00, 0x00, 0x00, 0x00, 0x00, 0x00, 0x00, 0x00, 0x00, 0x00, 0x00, 0x00, 0x00, 0x01,
  0x00, 0x00, 0x00, 0x03, 0x00, 0x00, 0x00, 0x00, 0x00, 0x00, 0x00, 0x02, 0x10, 0x0D, 0x10, 0x4D,
  0x11, 0x0C, 0x0F, 0xA0, 0x11, 0x0C, 0x0F, 0xD8, 0x11, 0x0D, 0x0F, 0xF6, 0x11, 0x0D, 0x0F, 0xFF,
  0x11, 0x0D, 0x0F, 0xFF, 0x11, 0x0D, 0x0F, 0xFF, 0x11, 0x0D, 0x0F, 0xFF, 0x11, 0x0D, 0x0F, 0xFF,
  0x11, 0x0D, 0x0F, 0xFF, 0x11, 0x0D, 0x0F, 0xFF, 0x11, 0x0D, 0x0F, 0xFF, 0x11, 0x0D, 0x0F, 0xFF,
  0x11, 0x0D, 0x0F, 0xFF, 0x11, 0x0D, 0x0F, 0xFF, 0x11, 0x0D, 0x0F, 0xFF, 0x11, 0x0D, 0x0F, 0xFF,
  0x11, 0x0D, 0x0F, 0xFF, 0x11, 0x0D, 0x0F, 0xFF, 0x11, 0x0D, 0x0F, 0xFF, 0x11, 0x0D, 0x0F, 0xFF,
  0x11, 0x0D, 0x0F, 0xFF, 0x11, 0x0D, 0x0F, 0xFF, 0x11, 0x0D, 0x0F, 0xFF, 0x11, 0x0D, 0x0F, 0xFF,
  0x11, 0x0D, 0x0F, 0xFF, 0x11, 0x0D, 0x0F, 0xFF, 0x11, 0x0D, 0x0F, 0xFF, 0x11, 0x0D, 0x0F, 0xFF,
  0x11, 0x0D, 0x0F, 0xFF, 0x11, 0x0D, 0x0F, 0xFF, 0x11, 0x0D, 0x0F, 0xFF, 0x11, 0x0D, 0x0F, 0xFF,
  0x11, 0x0D, 0x0F, 0xFF, 0x11, 0x0D, 0x0F, 0xFF, 0x11, 0x0D, 0x0F, 0xFF, 0x11, 0x0D, 0x0F, 0xFF,
  0x11, 0x0D, 0x0F, 0xFF, 0x11, 0x0D, 0x0F, 0xFF, 0x11, 0x0D, 0x0F, 0xFF, 0x11, 0x0D, 0x0F, 0xFF,
  0x11, 0x0D, 0x0F, 0xFF, 0x11, 0x0D, 0x0F, 0xFF, 0x11, 0x0D, 0x0F, 0xFF, 0x11, 0x0D, 0x0F, 0xFF,
  0x11, 0x0D, 0x0F, 0xFF, 0x11, 0x0D, 0x0F, 0xF6, 0x11, 0x0C, 0x0F, 0xD8, 0x11, 0x0C, 0x0F, 0xA0,
  0x10, 0x0D, 0x10, 0x4D, 0x00, 0x00, 0x00, 0x02, 0x00, 0x00, 0x00, 0x00, 0x00, 0x00, 0x00, 0x03,
  0x00, 0x00, 0x00, 0x01, 0x00, 0x00, 0x00, 0x00, 0x00, 0x00, 0x00, 0x00, 0x00, 0x00, 0x00, 0x00,
};
